Wikipedia data,,,MAG,,,,Status,,Note
pageid,name,born (year),author_id,author_name,pub count,citation count,MAG id,different name,
186184,Adi Shankara,787,no info,no info,0,0,,,
1737,Anaxagoras,-511,no info,no info,0,0,,,
1040982,Anton Wilhelm Amo,1702,no info,no info,0,0,,,
1363,André-Marie Ampère,1774,1662758635,André-Marie Ampère,14,80,,,
1724,Ammonius Saccas,173,no info,no info,0,0,,,
1370,Ambrose of Milan,338,no info,no info,0,0,,,
76907,Louis Althusser,1918,2614269522,Louis Althusser,125,5837,,,
811041,Jean Hyppolite,1906,2586992532,Jean Hyppolite,16,319,,,
1757807,Xavier Zubiri,1898,136914835,Xavier Zubiri,42,404,,,
1061874,Florian Znaniecki,1881,107561710,Florian Znaniecki,55,2807,,,
166969,Slavoj Žižek,1949,624670696,Slavoj Žižek,223,13382,,,
166152,Zhuangzi (,-370,no info,no info,0,0,,,
244468,Zhu Xi,1130,no info,no info,0,0,,,
1987338,Zhou Guoping,1945,no info,no info,0,0,no,diff,
305573,Zhiyi,537,no info,no info,0,0,,,
178655,Ernst Zermelo,1871,2129161398,Ernst Zermelo,19,1238,,,https://academic.microsoft.com/author/2129161398/publication
1682358,Dewi Zephaniah Phillips,1934,2128986299,D. Z. Phillips,205,993,,diff,https://academic.microsoft.com/author/2128986299/publication
1819956,Zenon,-151,no info,no info,0,0,,,
143331,Zeno of Elea,-496,no info,no info,0,0,,,
37142,Zeno of Citium,-335,no info,no info,0,0,,,
24744,Peter Wessel Zapffe,1899,583159720,Peter Wessel Zapffe,2,21,,,https://academic.microsoft.com/author/583159720/publication
2537996,Edward N. Zalta,1952,701445703,Edward N. Zalta,83,2897,,,
4213262,Iris Marion Young,1948,2102896894,Iris Marion Young,120,17920,,,
1344918,Arthur Middleton Young,1905,no info,no info,0,0,no,diff,
268938,Francis Parker Yockey,1917,2560782084,Francis Parker Yockey,1,0,,,https://academic.microsoft.com/author/2560782084/publication
608209,Xun Kuang,-311,no info,no info,0,0,,,
34155,Xenophon of Athens,-431,no info,no info,0,0,,,
223339,Xenophanes,-571,no info,no info,0,0,,,
171850,Xenocrates,-6,no info,no info,0,0,,,
16483,John Wycliffe,1327,no info,no info,0,0,,,
34128,Wilhelm Wundt,1832,2021976200,Wilhelm Wundt,144,3703,,,
302883,Crispin Wright,1942,2116429600,Crispin Wright,119,4357,,,
238214,Wu Zhihui,1865,2155515050,Wu Zhihui,8,6,,,
1046676,Nicholas Wolterstorff,1932,2618488673,Nicholas Wolterstorff,158,1528,,,
103328,William Wollaston,1659,no info,no info,0,0,,,
204122,Christian Wolff,1678,no info,no info,0,0,,,
17741,Ludwig Wittgenstein,1889,92007247,Ludwig Wittgenstein,249,13297,,,
260898,John Witherspoon,1722,no info,no info,0,0,,,
1183183,Wilhelm Windelband,1848,2462257636,Wilhelm Windelband,65,637,,,https://academic.microsoft.com/author/2462257636/publication
5236653,Rush Rhees,1905,2009606629,Rush Rhees,0,0,,,
2028841,Peter Winch,1926,2096624997,Peter J. Winch,0,0,,diff,
6538670,John Cook Wilson,1849,no info,no info,0,0,no,diff,
3055177,Timothy Williamson,1955,2131563461,Timothy Williamson,233,6058,,,
167780,Raymond Williams,1921,2890269587,Raymond Williams,191,18444,,,
552586,Sir Bernard Williams,1929,2162099207,Bernard Williams,177,10590,,diff,https://academic.microsoft.com/author/2162099207/publication
43395,Alfred North Whitehead,1861,2168513457,Alfred North Whitehead,124,8948,,,
205488,William Whewell,1794,305622547,William Whewell,113,1502,,,
187544,Hermann Weyl,1885,1567168537,Hermann Weyl,117,16533,,,
100467,Edward Westermarck,1862,2159034418,Edward Westermarck,43,944,,,https://academic.microsoft.com/author/2159034418/publication
589305,Cornel West,1953,2112658486,Cornel West,92,2753,,,
1016061,"Victoria, Lady Welby",1837,2970181629,Victoria Welby,6,68,,diff,https://academic.microsoft.com/author/2970181629/publication
204100,Christian Hermann Weisse,1801,2615751231,Christian Hermann Weisse,1,1,,,https://academic.microsoft.com/author/2615751231/publication
201103,Otto Weininger,1880,729634741,Otto Weininger,18,78,,,
179955,Simone Weil,1909,2119715464,Simone Weil,113,1534,,,
19455,Max Weber,1864,2200912411,Max Weber,386,28495,,,
202475,Alan Watts,1914,no info,no info,0,0,no,diff,
1475958,Tetsuro Watsuji,1889,2798450268,Tetsuro Watsuji,2,76,,,https://academic.microsoft.com/author/2798450268/publication
91452,John B. Watson,1877,2151373823,John B. Watson,104,5785,,,https://academic.microsoft.com/author/2151373823/publication
2016044,The Baroness Warnock,1924,2687093218,Baroness Warnock,1,7,,diff,https://academic.microsoft.com/author/2687093218/publication
7007723,James Ward,1842,no info,no info,0,0,no,diff,
1056047,Hao Wang,1921,2953666493,Hao Wang,649,7821,,,
1491671,Wang Fuzhi,1619,no info,no info,0,0,,,
2971369,Wang Bi,224,no info,no info,0,0,,,
718019,Michael Walzer,1935,1556649708,Michael Walzer,200,11101,,,
1494,Alfred Russel Wallace,1822,2129867592,Alfred Russel Wallace,326,5368,,,
1164861,Jean André Wahl,1888,2528974309,Jean André Wahl,40,144,,,
95176,Lev Vygotsky,1896,2252277259,L. S. Vygotsky,50,65329,,diff,
12250,Georg Henrik von Wright,1916,no info,no info,0,0,no,diff,
1069508,Carl Vogt,1817,no info,no info,0,0,no,diff,
191431,Eric Voegelin,1900,1130630227,Eric Voegelin,174,1372,,,
1036373,Gregory Vlastos,1907,2252177917,Gregory Vlastos,78,2211,,,
314917,Joan Lluis Vives,1492,no info,no info,0,0,,,
59426795,Michel Villey,1914,2436686233,Michel Villey,17,128,,,
165190,Giambattista Vico,1668,no info,no info,0,0,,,
251482,John Venn,1834,no info,no info,0,0,no,diff,
2515919,Gianni Vattimo,1935,2521263442,Gianni Vattimo,195,1654,,,
1789028,Emer de Vattel,1714,no info,no info,0,0,,,
76989,Francisco Varela,1946,2304221687,Francisco J. Varela,215,38302,,diff,https://academic.microsoft.com/author/2304221687/publication
567364,"Lucilio ""Giulio Cesare"" Vanini",1584,no info,no info,0,0,,,
1677156,Peter van Inwagen,1942,2559323097,Peter van Inwagen,76,2264,,,
1403783,Bas van Fraassen,1941,702343683,Bas C. van Fraassen,181,7586,,diff,https://academic.microsoft.com/author/702343683/publication
3026718,Shree Vallabhacharya,1478,no info,no info,0,0,,,
32395350,Mihály András Vajda,1934,2124747245,Mihály Vajda,10,24,,diff,https://academic.microsoft.com/author/2124747245/publication/search?q=Mih%C3%A1ly%20Vajda&qe=Composite(AA.AuId%253D2124747245)&f=&orderBy=0
45660,Swami Vivekananda,1862,2396945839,Swami Vivekananda,64,164,,,
492442,Hans Vaihinger,1852,2184447344,Hans Vaihinger,27,864,,,
1106225,Peter Unger,1942,2482329281,Peter Unger,50,1656,,,https://academic.microsoft.com/author/2482329281/publication/search?q=Peter%20Unger&qe=Composite(AA.AuId%253D2482329281)&f=&orderBy=0
173327,Miguel de Unamuno,1864,2602558251,Miguel de Unamuno,204,24,,,
1687521,Hermann Ulrici,1806,2420101214,Hermann Ulrici,8,11,,,https://academic.microsoft.com/author/2420101214/publication/search?q=Hermann%20Ulrici&qe=Composite(AA.AuId%253D2420101214)&f=&orderBy=0
293376,Uisang,624,no info,no info,0,0,,,
23404772,Udayana,899,no info,no info,0,0,,,
12102117,Michael Tye,1949,2234223050,Michael Tye,113,3311,,,
1022980,Kazimierz Twardowski,1866,2288447752,Kazimierz Twardowski,10,71,,,https://academic.microsoft.com/author/2288447752/publication/search?q=Kazimierz%20Twardowski&qe=Composite(AA.AuId%253D2288447752)&f=&orderBy=0
1208,Alan Turing,1912,2430569270,A. M. Turing,42,21240,,diff,https://academic.microsoft.com/author/2430569270/publication/search?q=A.%20M.%20Turing&qe=Composite(AA.AuId%253D2430569270)&f=&orderBy=0
53221307,Alyaksandr Ivanavich Tsvikyevich,1888,no info,no info,0,0,no,diff,
1323461,"Tsongkhapa, ",1356,no info,no info,0,0,,,
26456397,Ehrenfried von Tschirnhaus,1651,no info,no info,0,0,,,
1180251,Ernst Troeltsch,1865,2430917671,Ernst Troeltsch,60,1207,,,
1284870,Friedrich Adolf Trendelenburg,1802,no info,no info,0,0,no,diff,
251223,John Toland,1670,no info,no info,0,0,,,
343258,Tzvetan Todorov,1939,1814531701,Tzvetan Todorov,209,6640,,,
1219302,Timon of Phlius,-321,no info,no info,0,0,,,
414218,Paul Tillich,1886,640716275,Paul Tillich,269,3382,,,
30864,Thucydides,-461,no info,no info,0,0,,,
43421,Henry David Thoreau,1817,1902041561,Henry David Thoreau,257,1801,,,
2157918,Judith Jarvis Thomson,1929,2135306831,Judith Jarvis Thomson,75,3914,,,
1647335,William Thompson,1775,no info,no info,0,0,no,diff,
43407,Thomas à Kempis,1379,no info,no info,0,0,,,
98409,Theophrastus,-372,no info,no info,0,0,,,
30072,Thales of Miletus,-624,no info,no info,0,0,,,
1285757,Johannes Nikolaus Tetens,1736,no info,no info,0,0,,,
31204,Tertullian,153,no info,no info,0,0,,,
43583,Teresa of Ávila,1514,no info,no info,0,0,,,
42863207,Frederick Robert Tennant,1865,2796557666,F. R. Tennant,5,33,,diff,F. R. Tennant
1859910,Placide Tempels,1906,2404802782,Placide Tempels,2,68,,,https://academic.microsoft.com/author/2404802782/publication/search?q=Placide%20Tempels&qe=Composite(AA.AuId%253D2404802782)&f=&orderBy=0
23660,Pierre Teilhard de Chardin,1881,2577556690,Pierre Teilhard de Chardin,100,2081,,,
5795988,Gustav Teichmüller,1832,2918235177,Gustav Teichmüller,10,18,,,Gustav Teichmüller
3330654,Richard Taylor,1919,2120526659,Richard Taylor,252,3544,,,
965591,Harriet Taylor Mill,1807,2145123888,Harriet Hardy Taylor Mill,13,238,,diff,Harriet Hardy Taylor Mill
294996,Charles Taylor,1931,2103691184,Charles Taylor,621,39083,,,
1717775,Johannes Tauler,1299,no info,no info,0,0,,,
1447455,Władysław Tatarkiewicz,1886,3027727704,Władysław Tatarkiewicz,17,166,,,https://academic.microsoft.com/author/3027727704/publication/search?q=W%C5%82adys%C5%82aw%20Tatarkiewicz&qe=Composite(AA.AuId%253D3027727704)&f=&orderBy=0
59920,Alfred Tarski,1900,279907095,Alfred Tarski,130,14424,,,
8624261,Hajime Tanabe,1885,2256917641,Hajime Tanabe,25,162,,,
2102240,Tan Sitong,1865,no info,no info,0,0,no,diff,
45687981,Gáspár Miklós Tamás,1948,no info,no info,0,0,no,diff,
30690,Dai Zhen,1723,no info,no info,0,0,,,
882048,Debendranath Tagore,1817,561471342,Rabindranath Tagore,293,633,,diff,
1425295,Muhammad Husayn Tabataba'i,1903,3126231170,Muhammad Husayn Tabatabai,1,1,,diff,https://academic.microsoft.com/author/3126231170/publication/search?q=Muhammad%20Husayn%20Tabatabai&qe=Composite(AA.AuId%253D3126231170)&f=&orderBy=0
633482,David Sztybel,1967,662231357,David Sztybel,6,46,,,David Sztybel
258693,Richard Swinburne,1934,2055197164,Richard Swinburne,222,2169,,,
224173,Emanuel Swedenborg,1687,no info,no info,0,0,,,
22794175,Ivan Sviták,1925,2330249088,Ivan Sviták,10,19,,,Ivan Sviták
2016158,Gabrielle Suchon,1632,no info,no info,0,0,,,
1058313,Francisco Suárez,1547,no info,no info,0,0,,,
499297,Carl Stumpf,1848,2895974904,Carl Stumpf,20,202,,,
14188542,Barry Stroud,1935,2159727643,Barry Stroud,116,1197,,,
243451,Sir Peter Frederick Strawson,1919,1971985099,Peter F. Strawson,103,6277,,diff,Peter F. Strawson
593294,Galen Strawson,1951,1983350692,Galen Strawson,99,1547,,,
210244,Leo Strauss,1899,2421485072,Leo Strauss,191,4208,,,
604033,Strato of Lampsacus,-336,no info,no info,0,0,,,
1217818,David Stove,1927,no info,no info,0,0,no,diff,
5034109,George Stout,1859,2486199198,G. F. Stout,12,31,,diff,https://academic.microsoft.com/author/2486199198/publication/search?q=G.%20F.%20Stout&qe=Composite(AA.AuId%253D2486199198)&f=&orderBy=0&paperId=1504516130
112282,Max Stirner,1806,2251484578,Max Stirner,37,215,,,
1219317,Stilpo of Megara,-361,no info,no info,0,0,,,
3041110,Stephen Stich,1942,1808281534,Stephen Stich,208,8348,,,Stephen Stich
174717,Dugald Stewart,1753,2121366797,Dugald Stewart,64,768,,,
637469,Charles Leslie Stevenson,1908,2638710179,Charles Leslie Stevenson,4,452,,,https://academic.microsoft.com/author/2638710179/publication/search?q=Charles%20Leslie%20Stevenson&qe=Composite(AA.AuId%253D2638710179)&f=&orderBy=0
197346,Sir Leslie Stephen,1832,no info,no info,0,0,no,diff,
26104,Rudolf Steiner,1861,2139795781,Rudolf Steiner,687,1275,,,
43501,Edith Stein,1891,2172111071,Edith Stein,78,712,,,
3783415,L. Susan Stebbing,1885,500746437,L. Susan Stebbing,18,1,,,
1041538,Stanisław Staszic,1755,no info,no info,0,0,no,diff,
1587630,Henry Brewster Stanton,1805,no info,no info,0,0,no,diff,
4050095,Robert Stalnaker,1940,2083069655,Robert Stalnaker,89,4914,,,
210684,Germaine de Staël,1766,no info,no info,0,0,no,diff,
570684,Timothy Sprigge,1932,2809777270,Timothy L. S. Sprigge,19,175,,diff,https://academic.microsoft.com/author/2809777270/publication/search?q=Timothy%20L.%20S.%20Sprigge&qe=Composite(AA.AuId%253D2809777270)&f=&orderBy=0&paperId=2040388744
310126,Gayatri Chakravorty Spivak,1942,2202815967,Gayatri Chakravorty Spivak,174,14647,,,
3061089,Afrikan Spir,1837,2119284507,African Spir,7,12,,diff,African Spir
3408,Baruch de Spinoza,1632,no info,no info,0,0,,,
9525687,Herbert Spiegelberg,1904,2130672997,Herbert Spiegelberg,56,236,,,
612408,Speusippus,-409,no info,no info,0,0,,,
22588,Oswald Spengler,1880,2062943980,Oswald Spengler,57,1373,,,
931182,Thomas Spencer Baynes,1823,no info,no info,0,0,no,diff,
248859,Herbert Spencer,1820,2128068919,Herbert Spencer,438,3835,,,
362445,Othmar Spann,1878,1309510278,Othmar Spann,30,118,,,
4240618,Ernest Sosa,1940,2599197167,Ernest Sosa,230,5112,,,
1254755,Abdolkarim Soroush,1945,2979815565,Abdolkarim Soroush,2,95,,,Abdolkarim Soroush
640818,Georges Sorel,1847,2461125227,Georges Sorel,86,773,,,
829763,Vladimir Solovyov,1852,no info,no info,0,0,no,diff,
164654,Rabbi Dr.,1903,no info,no info,0,0,no,diff,
25664190,Socrates,-471,no info,no info,0,0,,,
3349265,Elliott Sober,1948,651149800,Elliott Sober,216,12064,,,
1018174,Scott Soames,1945,280908661,Scott Soames,128,2491,,,
1060504,Jan Śniadecki,1756,no info,no info,0,0,no,diff,
56517,Raymond Smullyan,1919,2135246163,Raymond M. Smullyan,129,2286,,diff,Raymond M. Smullyan
1928282,Michael A. Smith,1954,no info,no info,0,0,no,diff,
968523,Huston Cummings Smith,1919,2191835669,Huston Smith,46,1324,,diff,Huston Smith
2832996,Barry Smith,1952,2471866511,Barry Smith,612,17267,,,
1814,Adam Smith,1722,no info,no info,0,0,,,
440324,John Jamieson Carswell Smart,1920,2927703921,J. J. C. Smart,47,3529,,diff,J. J. C. Smart
962308,Peter Sloterdijk,1947,2632274183,Peter Sloterdijk,107,1867,,,
453765,Thoralf Skolem,1887,2314099911,Th. Skolem,15,546,,diff,Th. Skolem
4868,B. F. Skinner,1904,2490080893,B. F. Skinner,231,44532,,,
23721,Peter Singer,1946,2620142859,Peter Singer,809,28493,,,
106540,Georg Simmel,1858,2252173405,Georg Simmel,207,12671,,,
206999,Henry Sidgwick,1838,2501585190,Henry Sidgwick,76,1949,,,
16909513,Daryush Shokof,1954,no info,no info,0,0,no,diff,
3841207,Sydney Shoemaker,1931,2169485023,Sydney Shoemaker,78,3885,,,
293932,Shinran (親鸞),1172,no info,no info,0,0,,,
1411623,Lev Shestov,1866,2292535537,Lev Shestov,36,75,,,
317332,Shen Dao,-351,no info,no info,0,0,,,Darius Shayegan
1175951,داریوش شایگان,1935,1613132563,Darius Shayegan,5,54,,diff,
46320983,Shah Waliullah Dehlawi,1702,no info,no info,0,0,,,
177582,Sextus Empiricus,158,no info,no info,0,0,,,
779628,Michel Serres,1930,1989750038,Michel Serres,94,2103,,,
1212497,Victor Serge,1890,2421898414,Victor Serge,37,130,,,https://academic.microsoft.com/author/2248590689/publication/search?q=Amartya%20Sen&qe=Composite(AA.AuId%253D2248590689)&f=&orderBy=0
75150,Lucius Annaeus Seneca,-5,no info,no info,0,0,,,
51335,Amartya Kumar Sen,1933,2248590689,Amartya Sen,823,103105,,diff,
340898,Wilfrid Sellars,1912,2071712243,Wilfrid Sellars,88,4099,,,
1061121,Michael Sendivogius,1565,no info,no info,0,0,,,
743717,Charles Secrétan,1814,no info,no info,0,0,no,diff,https://academic.microsoft.com/author/2260550305/publication/search?q=John%20R.%20Searle&qe=Composite(AA.AuId%253D2260550305)&f=&orderBy=0
40060815,Juan José Sebreli,1930,38869341,Juan José Sebreli,12,4,,,
147079,John Rogers Searle,1932,2260550305,John R. Searle,245,34436,,diff,
1010808,Roger Scruton,1944,2257512550,Roger Scruton,124,1966,,,
1029,Albert Schweitzer,1874,2121859764,Albert Schweitzer,293,1009,,,
106139,Alfred Schütz,1899,no info,no info,0,0,no,diff,https://academic.microsoft.com/author/2040904325/publication/search?q=Joseph%20A.%20Schumpeter&qe=Composite(AA.AuId%253D2040904325)&f=&orderBy=0
3314471,Anna Maria van Schurman,1607,no info,no info,0,0,,,https://academic.microsoft.com/author/2152162392/publication/search?q=Gottlob%20Ernst%20Schulze&qe=Composite(AA.AuId%253D2152162392)&f=&orderBy=0
15827,Joseph Schumpeter,1883,2040904325,Joseph A. Schumpeter,164,67489,,diff,
7728554,Gottlob Ernst Schulze,1761,2152162392,Gottlob Ernst Schulze,5,74,,,
9942,Erwin Schrödinger,1887,144011413,Erwin Schrödinger,198,15712,,,
700,Arthur Schopenhauer,1788,2525335017,Arthur Schopenhauer,265,2863,,,
407082,Carl Schmitt,1888,2112661597,Carl Schmitt,223,7231,,,
207322,Moritz Schlick,1882,1963924009,Moritz Schlick,73,1403,,,https://academic.microsoft.com/author/2632663290/publication/search?q=Hubert%20Schleichert&qe=Composite(AA.AuId%253D2632663290)&f=&orderBy=0
179109,Friedrich Schleiermacher,1768,2242898538,Friedrich Schleiermacher,236,1375,,,https://academic.microsoft.com/author/2571060796/publication/search?q=Friedrich%20von%20Schlegel&qe=Composite(AA.AuId%253D2571060796)&f=&orderBy=0
2068941,Hubert Schleichert,1935,2632663290,Hubert Schleichert,5,30,,,https://academic.microsoft.com/author/2805137021/publication/search?q=F.%20C.%20S.%20Schiller&qe=Composite(AA.AuId%253D2805137021)&f=&orderBy=0
190046,Friedrich Schlegel,1772,2571060796,Friedrich von Schlegel,118,510,,diff,https://academic.microsoft.com/author/2010385614/publication/search?q=Friedrich%20Wilhelm%20Joseph%20von%20Schelling&qe=Composite(AA.AuId%253D2010385614)&f=&orderBy=0
1795879,Ferdinand Canning Scott Schiller,1864,2805137021,F. C. S. Schiller,34,180,,diff,
177557,Friedrich Wilhelm Joseph Schelling,1774,2010385614,Friedrich Wilhelm Joseph von Schelling,216,1235,,diff,https://academic.microsoft.com/author/2899272028/publication/search?q=Thomas%20Scanlon&qe=Composite(AA.AuId%253D2899272028)&f=&orderBy=0
796629,Max Scheler,1874,2056365340,Max Scheler,82,2295,,,https://academic.microsoft.com/author/2023803300/publication/search?q=Friedrich%20Karl%20von%20Savigny&qe=Composite(AA.AuId%253D2023803300)&f=&orderBy=0
3957449,T. M. Scanlon,1940,2899272028,Thomas Scanlon,63,4207,,,
181156,Friedrich Carl von Savigny,1779,2023803300,Friedrich Karl von Savigny,31,386,,diff,
1318253,Fernando Savater,1947,2635576594,Fernando Savater,60,618,,,https://academic.microsoft.com/author/2099620093/publication/search?q=John%20Ralston%20Saul&qe=Composite(AA.AuId%253D2099620093)&f=&orderBy=0
11041,Ferdinand de Saussure,1857,1469413541,Ferdinand de Saussure,71,8689,,,https://academic.microsoft.com/author/1985907104/publication/search?q=Jean%20Paul%20Sartre&qe=Composite(AA.AuId%253D1985907104)&f=&orderBy=0
103256,John Ralston Saul,1947,2099620093,John Ralston Saul,12,867,,,
16340,Jean-Paul Sartre,1905,1985907104,Jean Paul Sartre,389,12222,,diff,
851595,Prabhat Ranjan Sarkar,1921,no info,no info,0,0,no,diff,
182082,George Santayana,1863,1938805155,George Santayana,261,1546,,,
581057,Michael J. Sandel,1953,2171477063,Michael J. Sandel,47,5764,,,https://academic.microsoft.com/author/2082593486/publication/search?q=Nathan%20Salmon&qe=Composite(AA.AuId%253D2082593486)&f=&orderBy=0
4868799,Francisco Sanches,1549,no info,no info,0,0,,,https://academic.microsoft.com/author/2505301392/publication/search?q=R.%20M.%20Sainsbury&qe=Composite(AA.AuId%253D2505301392)&f=&orderBy=0
2083364,Nathan U. Salmon,1950,2082593486,Nathan Salmon,69,1586,,diff,
20682539,Mark Sainsbury,1942,2505301392,R. M. Sainsbury,13,311,,diff,
1004355,Gilbert Ryle,1900,1909718755,Gilbert Ryle,76,7717,,,
852632,John of Ruusbroec,1292,no info,no info,0,0,,,https://academic.microsoft.com/author/2130151189/publication/search?q=Michael%20Ruse&qe=Composite(AA.AuId%253D2130151189)&f=&orderBy=0
4163,The Earl Russell,1872,no info,no info,0,0,no,diff,
1439425,Michael Escott Ruse,1940,2130151189,Michael Ruse,596,6025,,diff,
2763538,Otto Rühle,1874,no info,no info,0,0,no,diff,
494060,Josiah Royce,1855,1588527682,Josiah Royce,208,2047,,,
1083737,Manabendra Nath Roy,1887,no info,no info,0,0,no,diff,
212384,Henri de Saint-Simon,1760,no info,no info,0,0,no,diff,
15941,Jean-Jacques Rousseau,1712,no info,no info,0,0,,,
101891,Gian-Carlo Rota,1932,702342615,Gian-Carlo Rota,710,9208,,,https://academic.microsoft.com/author/376728889/publication/search?q=Antonio%20Rosmini%20Serbati&qe=Composite(AA.AuId%253D376728889)&f=&orderBy=0
1888299,Sir W. D. Ross,1877,no info,no info,0,0,no,diff,
806370,Antonio Rosmini-Serbati,1797,376728889,Antonio Rosmini Serbati,22,34,,diff,https://academic.microsoft.com/author/2572420450/publication/search?q=Vasily%20Rozanov&qe=Composite(AA.AuId%253D2572420450)&f=&orderBy=0
230629,Franz Rosenzweig,1886,1908734350,Franz Rosenzweig,48,635,,,
1000334,Vasily Rozanov,1855,2572420450,Vasily Rozanov,5,11,,,
205495,Richard Rorty,1931,748507223,Richard Rorty,322,22910,,,
1826352,Avital Ronell,1952,2075845156,Avital Ronell,63,995,,,
41980,Bernhard Riemann,1826,2160412405,Bernhard Riemann,40,1133,,,
457623,Paul Ricœur,1913,2361704007,Paul Ricœur,150,4218,,,
1183207,Heinrich Rickert,1863,2078685245,Heinrich Rickert,134,438,,,
576633,Nicholas Rescher,1928,2293318928,Nicholas Rescher,604,7846,,,
174684,Charles Renouvier,1814,2560945668,Charles Renouvier,30,77,,,https://academic.microsoft.com/author/2395072589/publication/search?q=Adolf%20Reinach&qe=Composite(AA.AuId%253D2395072589)&f=&orderBy=0
1294418,Karl Leonhard Reinhold,1757,2796503428,Karl Leonhard Reinhold,23,80,,,
988090,Adolf Reinach,1883,2395072589,Adolf Reinach,15,164,,,
29780,Thomas Reid,1710,no info,no info,0,0,,,https://academic.microsoft.com/author/2103213406/publication/search?q=Wilhelm%20Reich&qe=Composite(AA.AuId%253D2103213406)&f=&orderBy=0
1546863,Hans Reichenbach,1891,2119186924,Hans Reichenbach,319,11779,,,
198336,Wilhelm Srijan Reich,1897,2103213406,Wilhelm Reich,46,795,,diff,
59041318,August Wilhelm Rehberg,1756,no info,no info,0,0,no,diff,
8231605,Pierre-Sylvain Régis,1631,no info,no info,0,0,,,
3313488,Paul Rée,1849,no info,no info,0,0,no,diff,
2424356,Joseph Raz,1939,1920287254,Joseph Raz,186,8640,,,
15596,John Ray,1627,no info,no info,0,0,,,
123612,John Rawls,1921,2100846658,John Rawls,116,15308,,,https://academic.microsoft.com/author/2672634465
174681,Felix Ravaisson-Mollien,1813,no info,no info,0,0,no,diff,
2305516,Hastings Rashdall,1858,2672634465,Hastings Rashdall,9,476,,,
1186741,Ram Gopal Varma,1962,no info,no info,0,0,no,diff,https://academic.microsoft.com/author/2126100962/publication/search?q=Paul%20Ramsey&qe=Composite(AA.AuId%253D2126100962)&f=&orderBy=0
314980,Jacques Rancière,1940,1558854050,Jacques Rancière,222,9601,,,https://academic.microsoft.com/author/2134474647/publication/search?q=Frank%20Plumpton%20Ramsey&qe=Composite(AA.AuId%253D2134474647)&f=&orderBy=0
20432929,Paul Ramsey,1913,2126100962,Paul Ramsey,37,1047,,,
238285,Frank P. Ramsey,1903,2134474647,Frank Plumpton Ramsey,30,7270,,diff,
370442,Karl Rahner,1904,836562408,Karl Rahner,168,991,,,https://academic.microsoft.com/author/3004682803/publication/search?q=Janet%20Radcliffe%20Richards&qe=Composite(AA.AuId%253D3004682803)&f=&orderBy=0
422504,Sri Ramakrishna Paramahamsa,1836,no info,no info,0,0,no,diff,https://academic.microsoft.com/author/2644333580/publication/search?q=Eduardo%20Rabossi&qe=Composite(AA.AuId%253D2644333580)&f=&orderBy=0
2015702,Janet Radcliffe Richards,1943,3004682803,Janet Radcliffe Richards,19,292,,,
3242380,Eduardo Rabossi,1930,2644333580,Eduardo Rabossi,3,1,,,
33833,Willard Van Orman Quine,1908,1969170855,Willard Van Orman Quine,240,25994,,,
23275,Pythagoras,-571,no info,no info,0,0,,,
140651,Pyrrho,-361,no info,no info,0,0,,,
75233,Hilary Putnam,1926,2059544886,Hilary Putnam,315,20074,,,
23979,Ptolemy,98,no info,no info,0,0,,,
23758,Pseudo-Dionysius the Areopagite,599,no info,no info,0,0,,,
21018,Marcel Proust,1871,1995058148,Marcel Proust,286,2063,,,
40949287,Pierre-Joseph Proudhon,1808,2596316014,Pierre-Joseph Proudhon,111,677,,,
24086,Protagoras,-491,no info,no info,0,0,,,https://academic.microsoft.com/author/2128139130/publication/search?q=Arthur%20N.%20Prior&qe=Composite(AA.AuId%253D2128139130)&f=&orderBy=0
24797,Proclus Lycaeus,411,no info,no info,0,0,,,
308764,Arthur Norman Prior,1914,2128139130,Arthur N. Prior,87,2617,,diff,
40176,Joseph Priestley,1732,no info,no info,0,0,,,
2158190,H. A. Prichard,1871,2108716671,H. A. Prichard,18,374,,,
205480,Richard Price,1722,no info,no info,0,0,,,https://academic.microsoft.com/author/2508680579/publication/search?q=Costanzo%20Preve&qe=Composite(AA.AuId%253D2508680579)&f=&orderBy=0
2853336,Henry Habberley Price,1899,no info,no info,0,0,no,diff,https://academic.microsoft.com/author/2724249551/publication/search?q=Caio%20Prado%20J%C3%BAnior&qe=Composite(AA.AuId%253D2724249551)&f=&orderBy=0&paperId=1499217863
5441231,Costanzo Preve,1943,2508680579,Costanzo Preve,4,0,,,
20532376,Caio Prado da Silva Júnior,1907,2724249551,Caio Prado Júnior,11,357,,diff,
765177,Roscoe Pound,1870,1764183021,Roscoe Pound,174,1862,,,
1551219,Nicos Poulantzas,1936,2136814033,Nicos Ar. Poulantzas,39,2956,,diff,https://academic.microsoft.com/author/2111007100/publication/search?q=Emil%20L.%20Post&qe=Composite(AA.AuId%253D2111007100)&f=&orderBy=0
617670,Robert Joseph Pothier,1698,no info,no info,0,0,,,
362382,Emil Leon Post,1897,2111007100,Emil L. Post,12,3787,,diff,
87868,Posidonius,-136,no info,no info,0,0,,,https://academic.microsoft.com/author/2143220744/publication/search?q=Karl%20R.%20Popper&qe=Composite(AA.AuId%253D2143220744)&f=&orderBy=0
794399,Porphyry of Tyre,232,no info,no info,0,0,,,
16623,Karl Popper,1902,2143220744,Karl R. Popper,303,40750,,diff,
2401339,Pietro Pomponazzi,1462,no info,no info,0,0,,,https://academic.microsoft.com/author/44283526/publication/search?q=Karl%20Polanyi&qe=Composite(AA.AuId%253D44283526)&f=&orderBy=0
19711,Michael Polanyi,1891,2046332678,Michael Polanyi,134,26429,,,
768987,Karl Polanyi,1886,44283526,Karl Polanyi,59,13785,,,
48740,Henri Poincaré,1854,2210719719,Henri Poincaré,278,9314,,,
38422,Plotinus,202,no info,no info,0,0,,,Lev
155895,Gemistus Pletho,1354,no info,no info,0,0,,,https://academic.microsoft.com/author/2422722488/publication/search?q=Georgi%C4%AD%20Valentinovich%20Plekhanov&qe=Composite(AA.AuId%253D2422722488)&f=&orderBy=0&paperId=628129276
22954,Plato,-424,no info,no info,0,0,,,
38802918,Georgi Plekhanov,1856,2422722488,Georgiĭ Valentinovich Plekhanov,22,144,,diff,https://academic.microsoft.com/author/2484493116/publication/search?q=Max%20Planck&qe=Composite(AA.AuId%253D2484493116)&f=&orderBy=0
88839,Alvin Plantinga,1932,2022998773,Alvin Plantinga,160,4236,,,
19848,Max Karl Planck,1858,2484493116,Max Planck,163,5207,,diff,
152575,Pico della Mirandola,1462,no info,no info,0,0,,,
95274,Jean Piaget,1896,467622467,Jean Piaget,506,70700,,,
2673476,John Philoponus,489,no info,no info,0,0,,,
2625475,Philodemus,-111,no info,no info,0,0,,,https://academic.microsoft.com/author/2297180911/publication/search?q=Petar%20Ii%20Petrovi%C4%87%20Njego%C5%A1&qe=Composite(AA.AuId%253D2297180911)&f=&orderBy=0
210191,Philo,-21,no info,no info,0,0,,,
230958,Petar II Petrović-Njegoš,1812,2297180911,Petar Ii Petrović Njegoš,1,10,,diff,
34663951,Branislav Petronijević,1875,no info,no info,0,0,no,diff,
17573116,Ioane Petritsi,999,no info,no info,0,0,,,https://academic.microsoft.com/author/2122087006/publication/search?q=Benjamin%20Peirce&qe=Composite(AA.AuId%253D2331945468)&f=&orderBy=0
605735,Johann Heinrich Pestalozzi,1745,no info,no info,0,0,,,
6117,Charles Sanders Peirce,1839,2122087006,Charles S. Peirce,314,7965,,diff,
364270,Benjamin Peirce,1809,2331945468,Benjamin Peirce,23,278,,,
164695,Karl Pearson,1857,1952915195,Karl Pearson,453,15199,,,
13043,Giuseppe Peano,1858,no info,no info,0,0,no,diff,
1150025,Christopher Peacocke,1950,2313193659,Christopher Peacocke,121,4363,,,
52487,Ivan Pavlov,1849,2608728297,Ivan Pavlov,36,1285,,,
2364425,Paolo Nicoletti Veneto,1368,no info,no info,0,0,,,
37342,Linus Pauling,1901,718104186,Linus Pauling,637,52962,,,https://academic.microsoft.com/author/2057651622/publication/search?q=Jan%20Pato%C4%8Dka&qe=Composite(AA.AuId%253D2057651622)&f=&orderBy=0
293371,Franciscus Patricius,1529,no info,no info,0,0,,,
940461,Jan Patočka,1907,2057651622,Jan Patočka,98,371,,,https://academic.microsoft.com/author/1983154482/publication/search?q=John%20Passmore&qe=Composite(AA.AuId%253D1983154482)&f=&orderBy=0
22445317,Valentino Annibale Pastore,1868,no info,no info,0,0,no,diff,
9446340,John Passmore,1914,1983154482,John Passmore,23,808,,,
4068,Blaise Pascal,1623,no info,no info,0,0,,,https://academic.microsoft.com/author/2130823107/publication/search?q=Theodore%20Parker&qe=Composite(AA.AuId%253D2130823107)&f=&orderBy=0
23575,Parmenides,-516,no info,no info,0,0,,,
426996,Theodore Parker,1810,2130823107,Theodore Parker,19,63,,,
59789,Derek Parfit,1942,2115176117,Derek Parfit,45,6358,,,
32680,Vilfredo Pareto,1848,410729749,Vilfredo Pareto,251,2611,,,
152487,Paracelsus,1492,no info,no info,0,0,,,
4773332,David Papineau,1946,1256816158,David Papineau,145,2107,,,https://academic.microsoft.com/author/2190306201/publication/search?q=Anton%20Pannekoek&qe=Composite(AA.AuId%253D2190306201)&f=&orderBy=0
2058812,Wolfhart Pannenberg,1928,208465179,Wolfhart Pannenberg,170,720,,,
312856,Antonie Pannekoek,1872,2190306201,Anton Pannekoek,22,213,,diff,
1588837,Panaetius,-181,no info,no info,0,0,,,
30795,Thomas Paine,1736,no info,no info,0,0,,,
567475,Rudolf Otto,1869,2506182929,Rudolf Otto,38,1594,,,
34131,Wilhelm Ostwald,1852,2684773764,Wilhelm Ostwald,84,542,,,
668027,José Ortega y Gasset,1883,1483030189,José Ortega y Gasset,270,2827,,,
7575091,Hans Christian Ørsted,1777,no info,no info,0,0,no,diff,
22702,Origen,182,no info,no info,0,0,,,
593659,Nicole Oresme,1324,no info,no info,0,0,,,https://academic.microsoft.com/author/2335817497/publication/search?q=Lorenz%20Oken&qe=Composite(AA.AuId%253D2335817497)&f=&orderBy=0
1917730,Michel Onfray,1958,2557522762,Michel Onfray,53,115,,,
213397,Lorenz Oken,1779,2335817497,Lorenz Oken,8,133,,,https://academic.microsoft.com/author/1571399880/publication/search?q=Michael%20Oakeshott&qe=Composite(AA.AuId%253D1571399880)&f=&orderBy=0
33617,William of Ockham,1284,no info,no info,0,0,,,https://academic.microsoft.com/author/983098362/publication/search?q=Martha%20Craven%20Nussbaum&qe=Composite(AA.AuId%253D983098362)&f=&orderBy=0
389912,Michael Oakeshott,1901,1571399880,Michael Oakeshott,46,2128,,,
341297,Martha Nussbaum,1947,983098362,Martha Craven Nussbaum,706,35800,,diff,https://academic.microsoft.com/author/2726107728/publication/search?q=Keiji%20Nishitani&qe=Composite(AA.AuId%253D2726107728)&f=&orderBy=0
26275,Robert Nozick,1938,279640673,Robert Nozick,33,8284,,,
1118424,Keiji Nishitani,1900,2726107728,Keiji Nishitani,7,8,,,
1032989,Kitarō Nishida,1870,no info,no info,0,0,no,diff,https://academic.microsoft.com/author/2005356734/publication/search?q=Friedrich%20Wilhelm%20Nietzsche&qe=Composite(AA.AuId%253D2005356734)&f=&orderBy=0
4419644,Nishi Amane,1829,no info,no info,0,0,no,diff,
10671,Friedrich Nietzsche,1844,2005356734,Friedrich Wilhelm Nietzsche,668,16114,,diff,
204706,Reinhold Niebuhr,1892,1748500490,Reinhold Niebuhr,67,1648,,,
1598913,H. Richard Niebuhr,1894,2589407605,H. Richard Niebuhr,15,1621,,,
282522,Nicholas of Cusa,1400,no info,no info,0,0,,,
22137,Nichiren,1221,no info,no info,0,0,,,
14627,Isaac Newton,1642,no info,no info,0,0,,,
50089,Otto Neurath,1882,1899122027,Otto Neurath,114,2838,,,
15942,John von Neumann,1903,2245631578,John von Neumann,125,42259,,,
338105,Leonard Nelson,1882,no info,no info,0,0,no,diff,
257241,Antonio Negri,1933,2547160179,Antonio Negri,217,4299,,,https://academic.microsoft.com/author/1967369908/publication/search?q=Paul%20Gerhard%20Natorp&qe=Composite(AA.AuId%253D1967369908)&f=&orderBy=0
985037,Sergey Gennadiyevich Nechayev,1847,no info,no info,0,0,no,diff,
2370955,Paul Natorp,1853,1967369908,Paul Gerhard Natorp,26,40,,diff,https://academic.microsoft.com/author/2272519312/publication/search?q=Jean-Luc%20Nancy&qe=Composite(AA.AuId%253D2272519312)&f=&orderBy=0
183442,Seyyed Hossein Nasr,1933,2157429407,Seyyed Hossein Nasr,152,1851,,,
510845,Jean-Luc Nancy,1940,2272519312,Jean-Luc Nancy,363,4243,,,
155380,Nachmanides,1193,no info,no info,0,0,,,
192793,Thomas Nagel,1937,2172737460,Thomas Nagel,103,12186,,,
1216778,Ernest Nagel,1901,2025908373,Ernest Nagel,149,103,,,https://academic.microsoft.com/author/2166088959/publication/search?q=Arne%20Naess&qe=Composite(AA.AuId%253D2166088959)&f=&orderBy=0
22149,Nāgārjuna,148,no info,no info,0,0,,,
21490890,Arne Næss,1912,2166088959,Arne Naess,184,3619,,diff,
162058,Gaius Musonius Rufus,18,no info,no info,0,0,,,
60315,Iris Murdoch,1919,2114122271,Iris Murdoch,71,1931,,,
1425360,Ṣadr ad-Dīn Muḥammad Shīrāzī (Mulla Sadra),1570,no info,no info,0,0,,,
2916113,Emmanuel Mounier,1905,2098545007,Emmanuel Mounier,26,112,,,
292149,Motoori Norinaga,1730,no info,no info,0,0,,,https://academic.microsoft.com/author/2430439819/publication/search?q=Lewis%20H.Hg%20Morgan&qe=Composite(AA.AuId%253D2430439819)&f=&orderBy=0
3058250,Edgar Morin,1921,2067172738,Edgar Morin,291,5870,,,https://academic.microsoft.com/author/2775851966/publication/search?q=G%20E%20Moore&qe=Composite(AA.AuId%253D2775851966)&f=&orderBy=0
461567,Lewis H. Morgan,1818,2430439819,Lewis H.Hg Morgan,44,1001,,diff,
11959,G. E. Moore,1873,2775851966,Gudrun E. Moore,83,1993,,diff,https://academic.microsoft.com/author/2475694673/publication/search?q=Edmund%20Montgomery&qe=Composite(AA.AuId%253D2475694673)&f=&orderBy=0
54956,Montesquieu,1688,no info,no info,0,0,,,
6224656,Edmund Montgomery,1835,2475694673,Edmund Montgomery,19,6,,,
44307,Michel de Montaigne,1532,no info,no info,0,0,,,
610182,Richard Montague,1930,2095836565,Richard Montague,49,3594,,,
981728,Lord Monboddo,1714,no info,no info,0,0,,,https://academic.microsoft.com/author/2032132082/publication/search?q=Jacob%20Moleschott&qe=Composite(AA.AuId%253D2032132082)&f=&orderBy=0
2361022,Luis de Molina,1535,no info,no info,0,0,,,
4010453,Jacob Moleschott,1822,2032132082,Jacob Moleschott,14,44,,,https://academic.microsoft.com/author/1976914063/publication/search?q=Ruth%20Garrett%20Millikan&qe=Composite(AA.AuId%253D1976914063)&f=&orderBy=0
23275799,Miura Baien,1722,no info,no info,0,0,,,https://academic.microsoft.com/author/2150301619/publication/search?q=James%20Mill&qe=Composite(AA.AuId%253D2150301619)&f=&orderBy=0
2015850,Ruth Millikan,1932,1976914063,Ruth Garrett Millikan,82,3152,,diff,
174052,James Mill,1773,2150301619,James Mill,24,658,,,https://academic.microsoft.com/author/561876461/publication/search?q=Nikolay%20Konstantinovich%20Mikhaylovsky&qe=Composite(AA.AuId%253D561876461)&f=&orderBy=0
3948372,Kiyoshi Miki,1896,2661351230,Kiyoshi Miki,17,1581,,,
5505525,Nikolay Mikhaylovsky,1842,561876461,Nikolay Konstantinovich Mikhaylovsky,1,5,,diff,https://academic.microsoft.com/author/2701367962/publication/search?q=Emile%20Meyerson&qe=Composite(AA.AuId%253D2701367962)&f=&orderBy=0
189721,Conyers Middleton,1683,no info,no info,0,0,,,
3194780,Émile Meyerson,1859,2701367962,Emile Meyerson,1,2,,diff,
7244181,István Mészáros,1930,2170567612,István Mészáros,64,1295,,,
72947,Marin Mersenne,1588,no info,no info,0,0,,,
19373,Maurice Merleau-Ponty,1908,2061979059,Maurice Merleau-Ponty,215,22579,,,
44893,Moses Mendelssohn,1729,no info,no info,0,0,,,
12562,Gregor Mendel,1822,1982723844,Gregor Mendel,22,801,,,
197033,Mencius,-373,no info,no info,0,0,,,
1041802,Menasseh Ben Israel,1603,no info,no info,0,0,,,
3006519,D. H. Mellor,1938,2501190756,D. H. Mellor,57,1441,,,https://academic.microsoft.com/author/1991487467/publication/search?q=A.%20Meinong&qe=Composite(AA.AuId%253D1991487467)&f=&orderBy=0
39209,Philip Melanchthon,1496,no info,no info,0,0,,,
404431,Alexius Meinong,1853,1991487467,A. Meinong,21,240,,diff,
1685577,Friedrich Meinecke,1862,2607210048,Friedrich Meinecke,105,544,,,https://academic.microsoft.com/author/2143132845/publication/search?q=George%20H.%20Mead&qe=Composite(AA.AuId%253D2143132845)&f=&orderBy=0
25353361,Georg Friedrich Meier,1718,no info,no info,0,0,,,https://academic.microsoft.com/author/2588699735/publication/search?q=John%20McTaggart%20Ellis%20McTaggart&qe=Composite(AA.AuId%253D2588699735)&f=&orderBy=0
333826,George Herbert Mead,1863,2143132845,George H. Mead,84,20934,,diff,
30871418,J. M. E. McTaggart,1866,2588699735,John McTaggart Ellis McTaggart,16,1004,,diff,
632230,Colin McGinn,1950,2628919716,Colin McGinn,113,2436,,,
415133,John Henry McDowell,1942,2156368788,John McDowell,125,8194,,diff,
1209907,William McDougall,1871,1939605539,William McDougall,112,3045,,,
9238,Ernst Mayr,1904,598105301,Ernst Mayr,563,35289,,,
28989696,James Clerk Maxwell,1831,2099069997,James Clerk Maxwell,191,13607,,,
1958305,Fritz Mauthner,1849,1940717784,Fritz Mauthner,20,147,,,
196221,Pierre Louis Maupertuis,1698,no info,no info,0,0,,,
7104,Cotton Mather,1662,no info,no info,0,0,,,
1535933,Lady Damaris Masham,1658,no info,no info,0,0,,,
16743,Karl Marx,1818,2169855459,Karl Marx,1110,30420,,,https://academic.microsoft.com/author/2117590580/publication/search?q=James%20Martineau&qe=Composite(AA.AuId%253D2117590580)&f=&orderBy=0
31512774,Anton Marty,1847,no info,no info,0,0,no,diff,
206995,James Martineau,1805,2117590580,James Martineau,8,47,,,https://academic.microsoft.com/author/2628307650/publication/search?q=Odo%20Marquard&qe=Composite(AA.AuId%253D2628307650)&f=&orderBy=0
287016,Marsilius of Inghen,1339,no info,no info,0,0,,,https://academic.microsoft.com/author/2249008851/publication/search?q=Svetozar%20Markovi%C4%87&qe=Composite(AA.AuId%253D2249008851)&f=&orderBy=0
36010665,Odo Marquard,1928,2628307650,Odo Marquard,22,210,,,https://academic.microsoft.com/author/2484785932/publication/search?q=Mihailo%20Markovi%C4%87&qe=Composite(AA.AuId%253D2484785932)&f=&orderBy=0
1381742,Svetozar Marković,1846,2249008851,Svetozar Marković,1,0,,,
4157000,Mihailo Marković,1923,2484785932,Mihailo Marković,4,28,,diff,
592243,Jacques Maritain,1882,32049061,Jacques Maritain,229,1786,,,https://academic.microsoft.com/author/2799022504/publication/search?q=Joseph%20Mar%C3%A9chal&qe=Composite(AA.AuId%253D2799022504)&f=&orderBy=0
1513828,José del Carmen Eliseo Mariátegui De La Chira,1894,no info,no info,0,0,no,diff,
3535135,Julián Marías,1914,no info,no info,0,0,no,diff,
5234262,Joseph Maréchal,1878,no info,no info,0,0,no,diff,https://academic.microsoft.com/author/2102953076/publication/search?q=Ruth%20Barcan%20Marcus&qe=Composite(AA.AuId%253D2102953076)&f=&orderBy=0
42035006,Herbert Marcuse,1898,2106500445,Herbert Marcuse,207,10196,,,
369743,Ruth Barcan Marcus,1921,2102953076,Ruth Barcan Marcus,31,673,,,
195259,Marcion of Sinope,83,no info,no info,0,0,,,
568571,Gabriel Marcel,1889,2095669987,Gabriel Marcel,94,947,,,
174959,Karl Mannheim,1893,1979420144,Karl Mannheim,384,8308,,,
633495,Mani,214,no info,no info,0,0,,,
564568,Bernard de Mandeville,1670,no info,no info,0,0,,,https://academic.microsoft.com/author/2691827371/publication/search?q=Ernst%20Mally&qe=Composite(AA.AuId%253D2691827371)&f=&orderBy=0
31468,Thomas Robert Malthus,1765,2331027420,Thomas Robert Malthus,101,2455,,,
1891598,Ernst Mally,1879,2691827371,Ernst Mally,3,108,,,
174019,Nicolas Malebranche,1638,no info,no info,0,0,,,https://academic.microsoft.com/author/2531214512/publication/search?q=Errico%20Malatesta&qe=Composite(AA.AuId%253D2531214512)&f=&orderBy=0
685623,Norman Malcolm,1911,2069405479,Norman Malcolm,62,1577,,,https://academic.microsoft.com/author/2287188810/publication/search?q=Pierre%20Maine%20de%20Biran&qe=Composite(AA.AuId%253D2287188810)&f=&orderBy=0
90700,Errico Malatesta,1853,2531214512,Errico Malatesta,6,0,,,
174287,Maine de Biran,1766,2287188810,Pierre Maine de Biran,36,101,,diff,
19445,Maimonides,1134,no info,no info,0,0,,,
2387380,Salomon Maimon,1752,2097841902,Salomon Maimon,19,58,,,
1082730,Madhvacharya,1237,no info,no info,0,0,,,https://academic.microsoft.com/author/2632275769/publication/search?q=J.%20L.%20Mackie&qe=Composite(AA.AuId%253D2632275769)&f=&orderBy=0
2793007,Madhava,1339,no info,no info,0,0,,,
240934,J. L. Mackie,1917,2632275769,J. L. Mackie,43,4423,,,
595344,Alasdair MacIntyre,1929,2121187706,Alasdair MacIntyre,229,11992,,,
21444,Niccolò Machiavelli,1469,no info,no info,0,0,,,
55285,Ernst Mach,1838,2087217453,Ernst Mach,135,3681,,,
241981,Jean-François Lyotard,1924,2021585254,Jean-François Lyotard,170,14527,,,
7697407,William G. Lycan,1945,143623386,William G. Lycan,162,2739,,,https://academic.microsoft.com/author/2631213809/publication/search?q=Jan%20%C5%81ukasiewicz&qe=Composite(AA.AuId%253D2631213809)&f=&orderBy=0
7567080,Martin Luther,1483,no info,no info,0,0,,,
305064,Jan Łukasiewicz,1878,2631213809,Jan Łukasiewicz,4,590,,,
43069535,György Lukács,1885,2619691089,György Lukács,132,4662,,,
37145,Titus Lucretius Carus,-100,no info,no info,0,0,,,
311188,John Lucas,1929,no info,no info,0,0,no,diff,https://academic.microsoft.com/author/2065500431/publication/search?q=Hermann%20Lotze&qe=Composite(AA.AuId%253D2065500431)&f=&orderBy=0
3143889,Michael Löwy,1938,2618461246,Michael Löwy,553,790,,,https://academic.microsoft.com/author/2135824247/publication/search?q=Juri%20Lotman&qe=Composite(AA.AuId%253D2135824247)&f=&orderBy=0
191379,Hermann Lotze,1817,2065500431,Hermann Lotze,66,430,,,
541950,Yuri Lotman,1922,2135824247,Juri Lotman,18,184,,diff,https://academic.microsoft.com/author/2527891491/publication/search?q=N.%20O.%20Lossky&qe=Composite(AA.AuId%253D2527891491)&f=&orderBy=0
18822624,Domenico Losurdo,1941,2517613798,Domenico Losurdo,83,209,,,
5505410,Nikolay Lossky,1870,2527891491,N. O. Lossky,8,91,,diff,
2770860,Aleksei Losev,1893,no info,no info,0,0,no,diff,https://academic.microsoft.com/author/2014312635/publication/search?q=Bernard%20J.%20F.%20Lonergan&qe=Composite(AA.AuId%253D2014312635)&f=&orderBy=0
2326847,Paul Lorenzen,1915,2151060362,Paul Lorenzen,44,869,,,
1079703,Bernard Lonergan,1904,2014312635,Bernard J. F. Lonergan,99,1503,,diff,https://academic.microsoft.com/author/791462556/publication/search?q=Alfred%20Firmin%20Loisy&qe=Composite(AA.AuId%253D791462556)&f=&orderBy=0
600883,Peter Lombard,1095,no info,no info,0,0,,,
606547,Alfred Loisy,1857,791462556,Alfred Firmin Loisy,44,131,,diff,https://academic.microsoft.com/author/2159202737/publication/search?q=Theodor%20Lipps&qe=Composite(AA.AuId%253D2159202737)&f=&orderBy=0
69677,Ramon Llull,1231,no info,no info,0,0,,,
3018720,Theodor Lipps,1851,2159202737,Theodor Lipps,26,278,,,
5233,Carl Linnaeus,1707,no info,no info,0,0,,,
476400,Georg Christoph Lichtenberg,1742,no info,no info,0,0,,,https://academic.microsoft.com/author/2550081936/publication/search?q=David%20Lewis&qe=Composite(AA.AuId%253D2550081936)&f=&orderBy=0
1029571,Liang Qichao,1873,no info,no info,0,0,no,diff,
394272,David Lewis,1941,2550081936,David Lewis,109,21062,,,
433707,Clarence Irving Lewis,1883,2134911828,Clarence Lewis Barnhart,36,429,,diff,
1976138,Kurt Lewin,1890,1866249392,Kurt Lewin,125,29778,,,
1043793,Lucien Lévy-Bruhl,1857,504006066,Daniel Lévy-Bruhl,257,4571,,diff,
19544151,Claude Lévi-Strauss,1908,162318161,Claude Lévi-Strauss,377,14010,,,
90692,Emmanuel Levinas,1905,no info,no info,0,0,no,diff,
17924,Leucippus,-501,no info,no info,0,0,,,
422271,Stanisław Leśniewski,1886,2463178175,Stanislaw M. Ulam,75,8229,,diff,
18393542,Jules Lequier,1813,2108998979,Laurance Lequier,33,600,,diff,
45077,Giacomo Leopardi,1798,2566285430,Giacomo Leopardi,91,82,,,
18079,Leonardo da Vinci,1451,no info,no info,0,0,,,
1056121,Yeshayahu Leibowitz,1903,1338535877,Yeshayahu Talmon,345,15657,,diff,
12281,Gottfried Wilhelm Leibniz,1646,no info,no info,0,0,,,
2254444,Keith Lehrer,1936,2568498581,Keith Lehrer,195,2632,,,
4880077,Antoine Le Grand,1628,no info,no info,0,0,,,
2683733,Claude Lefort,1924,2464743484,Claude Lefort,55,3480,,,
828919,Henri Lefebvre,1901,2155738069,Henri Lefebvre,129,15297,,,
1935651,Pyotr Lavrovich Lavrov,1823,1909231798,Pyotr G. Platonov,280,3815,,diff,
1822,Antoine-Laurent de Lavoisier,1743,no info,no info,0,0,,,
7734142,Louis Lavelle,1883,1821929332,Louis Lavelle,41,69,,,
362828,Bruno Latour,1947,1273230838,Bruno Latour,435,66734,,,
197666,Ferdinand Lassalle,1825,654676278,Ferdinand Lassalle,47,58,,,
344783,Pierre-Simon Laplace,1749,no info,no info,0,0,,,
65119,Laozi,-401,no info,no info,0,0,,,
23981046,Susanne Langer,1895,2072940845,Susanne K. Langer,74,4169,,diff,
293346,Friedrich Albert Lange,1828,2307845759,Friedrich Lange,57,318,,diff,
829899,Julien Offray de La Mettrie,1709,no info,no info,0,0,,,
93085,Johann Heinrich Lambert,1728,no info,no info,0,0,,,
145704,Jean-Baptiste Lamarck,1744,no info,no info,0,0,,,
38455,Imre Lakatos,1922,2066583684,Imre Lakatos,79,15848,,,
1152135,Philippe Lacoue-Labarthe,1940,605807541,Philippe Lacoue-Labarthe,69,1186,,,
622304,Ernesto Laclau,1935,1532899363,Ernesto Laclau,77,11698,,,
16153,Jacques Lacan,1901,1914077692,Jacques Lacan,188,8442,,,
2545476,Antonio Labriola,1843,no info,no info,0,0,no,diff,
2955825,Oswald Külpe,1862,no info,no info,0,0,no,diff,
186577,Shūzō Kuki,1888,2026057979,Takao Kuki,34,355,,diff,
291747,Kūkai,773,no info,no info,0,0,,,
25778629,Thomas Kuhn,1922,2305280099,Thomas S. Kuhn,114,55875,,diff,
34572370,Felix Krueger,1874,2072768558,Felix Krueger,74,8851,,,
51074,Peter Kropotkin,1842,2005990069,Peter Kropotkin,38,987,,,
318450,Leopold Kronecker,1823,2759278806,Leopold Kronecker,1,1,,,
16489,Julia Kristeva,1941,85892861,Julia Kristeva,176,11070,,,
469965,U. G. Krishnamurti,1918,1932127856,Lakshmanan Krishnamurti,174,3245,,diff,
179095,Jiddu Krishnamurti,1895,643345341,Jiddu Krishnamurti,78,598,,,
48039,Saul Kripke,1940,659117755,Saul A. Kripke,46,11229,,diff,
11761785,Georg Kreisel,1923,2115832305,Georg Kreisel,57,1893,,,
602691,Karl Christian Friedrich Krause,1781,2140406842,Christian Krause,40,1671,,diff,
2170956,Alexandre Koyré,1892,2656437389,Alexandre Koyré,64,1247,,,
1022909,Tadeusz Kotarbiński,1886,no info,no info,0,0,no,diff,
9000925,Karel Kosík,1926,no info,no info,0,0,no,diff,
424398,Karl Korsch,1886,no info,no info,0,0,no,diff,
10492233,Alejandro Korn,1860,2789604777,Andreas Korn,676,54442,,diff,
1041593,Leszek Kołakowski,1927,2649510177,Leszek Kołakowski,82,712,,,
767533,Alexandre Kojève,1902,no info,no info,0,0,no,diff,
286151,Wolfgang Köhler,1887,2683507179,Wolfgang Köhler,59,251,,,
61934856,Kurt Koffka,1886,2607966286,Kurt Koffka,26,4493,,,
23720093,Martin Knutzen,1713,no info,no info,0,0,,,
2922049,Ludwig Klages,1872,2273709263,Ludwig Klages,29,268,,,
40081048,Patricia Kitcher,1947,662808556,Philip Kitcher,219,8859,,diff,
272065,Al-Kindi,800,no info,no info,0,0,,,
2445375,Jaegwon Kim,1934,2149492031,Jaegwon Kim,137,7746,,,
27069,Søren Kierkegaard,1813,2042306077,Søren Kierkegaard,371,5127,,,
3743860,Hermann Graf von Keyserling,1879,2506047077,"Keyserling, Hermann, Graf von",24,5,,diff,
37973,The Lord Keynes,1883,1830319489,John Maynard Keynes,703,37258,,diff,
15736,Johannes Kepler,1571,no info,no info,0,0,,,
302882,Sir Anthony Kenny,1931,2968113438,Anthony Kenny,167,4685,,diff,
1290247,Hans Kelsen,1881,87871570,Hans Kelsen,280,4469,,,
44379533,Karl Kautsky,1854,2408774128,Karl Johann Kautsky,88,81,,diff,
1141327,Walter Arnold Kaufmann,1921,2344393069,Walter Arnold,210,4867,,diff,
20700,Rabbi Dr.,1881,2305768979,C. Rabbi,13,237,,diff,
1479115,David Kaplan,1933,2123614274,David L. Kaplan,1921,112391,,diff,
14631,Immanuel Kant,1724,no info,no info,0,0,,,
4231277,Milan Kangrga,1923,267005433,Ivan Kangrga,27,268,,diff,
904959,Kang Youwei,1858,no info,no info,0,0,no,diff,
10858,Franz Kafka,1883,1593468263,Franz Kafka,270,1503,,,
3163593,Imam al-Haramayn Dhia ul-Din al-Juwayni,1027,no info,no info,0,0,no,diff,
42031,Carl Jung,1875,2123083284,Carl Gustav Jung,539,16348,,diff,
2635773,W. E. Johnson,1858,2907191556,W. Johnson,189,6529,,diff,
293196,Jinul,1157,no info,no info,0,0,,,
181164,Rudolf von Jhering,1818,2493049012,Rudolf von Jhering,37,206,,,
207021,William Stanley Jevons,1835,2751541398,William Stanley Jevons,51,3269,,,
4294354,Richard C. Jeffrey,1926,2169637428,Jeffrey C. Murray,552,27659,,diff,
758413,Sir James Hopwood Jeans,1877,no info,no info,0,0,no,diff,
332245,Karl Jaspers,1883,1444052882,Karl Jaspers,223,3291,,,
5302039,Vladimir Jankélévitch,1903,2918371295,Vladimir Jankélévitch,51,309,,,
356751,Fredric Jameson,1934,2304525599,Fredric Jameson,484,22243,,,
90682,William James,1841,2788086768,William James Fawcett,395,11179,,diff,
772769,Henry James Sr.,1811,2313523589,Henry James,436,4260,,diff,
204022,Friedrich Heinrich Jacobi,1742,no info,no info,0,0,,,
1104605,Isaac Israeli ben Solomon,831,no info,no info,0,0,,,
16310046,T. H. Irwin,1947,2735933503,Scott H. Irwin,698,5575,,diff,
612650,Luce Irigaray,1930,1500255435,Luce Irigaray,111,6621,,,
34348533,Muhammad Iqbal,1877,no info,no info,0,0,no,diff,
425339,William Inge,1860,1077152438,Inge Huybrechts,399,15538,,diff,
1936136,Roman Ingarden,1893,946384160,Roman Ingarden,162,1292,,,
541339,Evald Vasilievich Ilyenkov,1924,no info,no info,0,0,no,diff,
1104592,Ibn Tufail,1104,no info,no info,0,0,,,
2042394,Ibn Miskawayh,931,no info,no info,0,0,,,
199169,Ibn Khaldun,1331,no info,no info,0,0,,,
13617676,Ibn Kammuna,1214,no info,no info,0,0,,,
1467830,Ibn Hazm al-Andalusi,994,no info,no info,0,0,,,
938607,Solomon ben Yehuda ibn Gabirol,1020,no info,no info,0,0,,,
1648378,Rabbi Moses ben Jacob ibn Ezra,1054,no info,no info,0,0,,,
143794,Abraham ibn Ezra,1088,no info,no info,0,0,,,
536739,Avempace,1084,no info,no info,0,0,,,
2364264,Ibn Al-Rawandi,826,no info,no info,0,0,,,
200354,Ibn ʿArabi,1165,no info,no info,0,0,,,
732860,Iamblichus,243,no info,no info,0,0,,,
38375,Hypatia,368,no info,no info,0,0,,,
42127,Christiaan Huygens,1629,no info,no info,0,0,,,
30038,Thomas Henry Huxley,1825,2006373055,Thomas Henry Huxley,293,3152,,,
188405,Francis Hutcheson,1694,no info,no info,0,0,,,
9518,Edmund Husserl,1859,1474294082,Edmund Husserl,558,18865,,,
16028,Jan Hus,1371,no info,no info,0,0,,,
7925,David Hume,1710,no info,no info,0,0,,,
33110,Wilhelm von Humboldt,1767,2412389984,Alexander von Humboldt,482,2321,,diff,
2853176,Friedrich von Hügel,1852,no info,no info,0,0,no,diff,
1833394,Huang Zongxi,1610,no info,no info,0,0,,,
28114934,Xu Fuguan (Hsu Fu-kuan),1904,2153502219,Hsu-Chiang Kuan,123,4302,,diff,
54237274,Xiong Shili,1884,no info,no info,0,0,no,diff,
22105307,George Holmes Howison,1834,2009411764,Sam Howison,196,4859,,diff,
1241991,Paul Horwich,1946,2169380988,Alan Horwich,427,25273,,diff,
2015642,Jennifer Hornsby,1950,2149666055,Jennifer Hornsby,113,1108,,,
19456,Max Horkheimer,1895,1976581674,Max Horkheimer,128,9517,,,
23399049,Richard Hooker,1553,no info,no info,0,0,,,
1409290,Sidney Hook,1902,1928055775,Sidney Hook,125,1310,,,
6601547,Edwin Holt,1873,2104017647,Edwin B. Holt,30,366,,diff,
195759,"Paul-Henri Thiry, Baron d'Holbach",1723,no info,no info,0,0,,,
174667,Harald Høffding,1843,no info,no info,0,0,no,diff,
1094327,William Ernest Hocking,1873,1928161268,William Ernest Hocking,60,270,,,
29823,Thomas Hobbes,1588,no info,no info,0,0,,,
13486,Hippocrates of Kos,-461,no info,no info,0,0,,,
1710903,Jaakko Hintikka,1929,1987215117,Jaakko Hintikka,467,11085,,,
13684,Hildegard of Bingen,1097,no info,no info,0,0,,,
8302,David Hilbert,1861,2145983701,David Hilbert,224,21431,,,
1457023,John Hick,1922,2312956882,John Hick,254,2318,,,
2851,Abraham Joshua Heschel,1906,58039078,Abraham Joshua Heschel,34,642,,,
480014,Alexander Herzen,1812,219361927,Julia Herzen,218,2353,,diff,
13445,Heinrich Hertz,1857,2024838643,Heinrich Hertz,33,3235,,,
43592,Sir John Herschel,1792,288001769,Herschel Rabitz,1177,29822,,diff,
294037,Johann Gottfried Herder,1744,no info,no info,0,0,,,
191397,Johann Friedrich Herbart,1776,2072579658,Johann Friedrich Herbart,72,454,,,
13792,Heraclitus,-536,no info,no info,0,0,,,
7652068,Henry Harclay,1269,no info,no info,0,0,,,
834596,Henry of Ghent,1216,no info,no info,0,0,,,
1380238,Carl Gustav Hempel,1904,2123083284,Carl Gustav Jung,539,16348,,diff,
196196,Claude Adrien Helvétius,1714,no info,no info,0,0,,,
13705654,Franciscus Mercurius van Helmont,1614,no info,no info,0,0,,,
53311,Hermann von Helmholtz,1821,2435301099,Hermann Ludwig Ferdinand von Helmholtz,117,6372,,diff,
2173176,Ágnes Heller,1929,no info,no info,0,0,no,diff,
39776845,Virginia Held,1929,2165507455,Virginia Held,84,2389,,,
33130,Werner Heisenberg,1901,2158816254,Werner Heisenberg,193,16343,,,
37304,Martin Heidegger,1889,2057369234,C. Heidegger,5,190,,diff,
12598,Georg Wilhelm Friedrich Hegel,1770,2301981031,Georg Wilhelm Friedrich Hegel,666,15037,,,
11646,Friedrich Hayek,1899,2070295757,Friedrich A. von Hayek,300,27477,,diff,
50203,William Harvey,1577,no info,no info,0,0,,,
588100,Charles Hartshorne,1897,2168635837,Charles Hartshorne,252,4800,,,
504020,Nicolai Hartmann,1881,2660773895,Nicolai F. Hartmann,53,853,,diff,
602663,Eduard von Hartmann,1842,2344296733,Eduard von Hartmann,78,124,,,
173966,David Hartley,1705,no info,no info,0,0,,,
312906,H. L. A. Hart,1907,2471693670,H. L. A. Hart,87,8653,,,
242178,Adolf von Harnack,1850,751923369,Adolf von Harnack,52,721,,,
1674106,Gilbert Harman,1938,2135388923,Gilbert Harman,206,6809,,,
243824,Richard Mervyn Hare,1919,2531356354,Daryl Hare,682,24936,,diff,
558945,Michael Hardt,1959,2028010112,Michael Hardt,94,4705,,,
1496291,Sandra G. Harding,1935,2136139090,Sandra Harding,119,9911,,diff,
1404026,Norwood Russell Hanson,1924,no info,no info,0,0,no,diff,
2350935,Robert Alastair Hannay,1932,1980112995,Alastair Hannay,44,0,,diff,
729989,Sir Stuart Newton Hampshire,1914,2122808202,Stuart Hampshire,230,3933,,diff,
206346,"Sir William Hamilton, Bt",1788,2537148476,William Hamilton,271,5734,,diff,
243114,Johann Georg Hamann,1730,no info,no info,0,0,,,
342561,Judah Halevi,1074,no info,no info,0,0,,,
9668,Ernst Haeckel,1834,no info,no info,0,0,no,diff,
322956,Ian Hacking,1936,277187828,Ian Hacking,218,15657,,,
16288,Jürgen Habermas,1929,2038147313,Jürgen Habermas,566,75497,,,
321979,Susan Haack,1944,2128384848,Susan Haack,244,2313,,,
602598,Edmund Gurney,1847,1975357444,Edmund Gurney,32,135,,,
13623554,Che Guevara,1928,no info,no info,0,0,no,diff,
1459586,Guan Zhong,-721,no info,no info,0,0,,,
5563510,Adolf Grünbaum,1923,2159464955,Adolf Grünbaum,171,2965,,,
66612,Hugo Grotius,1583,no info,no info,0,0,,,
24599111,James Griffin,1933,2156801683,James D. Griffin,554,48287,,diff,
335570,Herbert Paul Grice,1913,no info,no info,0,0,no,diff,
2601179,Gregory of Rimini,1299,no info,no info,0,0,,,
13172,Gregory the Theologian,327,no info,no info,0,0,,,
211627,T. H. Green,1836,2739696239,David T. Green,246,24500,,diff,
61742412,Hilary Greaves,1978,1633918851,Colin Greaves,243,3532,,diff,
1053576,John Gray,1948,2145238006,John C. Gray,218,8596,,diff,
443026,Asa Gray,1810,2319519141,Asa Gray,172,1073,,,
56244,Antonio Gramsci,1891,2372596896,Antonio Gramsci,101,12323,,,
1632292,Baltasar Gracián,1600,no info,no info,0,0,,,
204047,Johann Christoph Gottsched,1699,no info,no info,0,0,,,
2755188,André Gorz,1923,2656774005,André Gorz,39,1660,,,
98394,Gorgias,-484,no info,no info,0,0,,,
1179596,Nelson Goodman,1906,2109253240,Nelson Goodman,169,9241,,,
1884200,Lucien Goldmann,1913,2575179727,Lucien Goldmann,54,555,,,
2079505,Alvin Goldman,1937,2161653542,Alvin I. Goldman,168,12697,,diff,
25442734,Friedrich Gogarten,1886,no info,no info,0,0,no,diff,
142615,William Godwin,1756,2108600897,William Godwin,254,1064,,,
16736,Kurt Gödel,1906,720800907,Kurt Gödel,26,5744,,,
141013,Arthur de Gobineau,1816,2312304536,"Gobineau, Arthur, comte de",14,7,,diff,
1082423,Étienne Gilson,1884,2713554134,Étienne Gilson,161,1888,,,
299138,Egidio,1242,no info,no info,0,0,,,
37332,Josiah Willard Gibbs,1839,no info,no info,0,0,no,diff,
4465051,Allan Gibbard,1941,2184766542,Allan Gibbard,92,5690,,,
146607,Al-Ghazālī,1057,no info,no info,0,0,,,
210105,Edmund Gettier,1927,no info,no info,0,0,no,diff,
61626,Gersonides,1287,no info,no info,0,0,,,
23838961,Jean Charlier de Gerson,1363,no info,no info,0,0,,,
46027,Gerhard Gentzen,1909,91232535,Gerhard Gentzen,14,3575,,,
302884,Peter Geach,1916,no info,no info,0,0,no,diff,
162329,John Gay,1685,no info,no info,0,0,,,
48050,David Gauthier,1932,2583899009,David Gauthier,71,2685,,,
3395,Gautama Buddha,-481,no info,no info,0,0,,,
8296748,Marcel Gauchet,1945,2476974559,Marcel Gauchet,147,1337,,,
197030,Pierre Gassendi,1591,no info,no info,0,0,,,
12563872,Christian Garve,1741,no info,no info,0,0,,,
7123730,Réginald Garrigou-Lagrange,1877,1981058660,Chantal Garrigou-Lagrange,64,422,,diff,
19379,Gandhi,1869,2118775599,Poshak Gandhi,600,14117,,diff,
33798857,Rafael Gambra Ciudad,1920,no info,no info,0,0,no,diff,
29688374,Galileo Galilei,1563,no info,no info,0,0,,,
12326,Galen,127,no info,no info,0,0,,,
13988,Hans-Georg Gadamer,1900,1084069346,Hans-Georg Gadamer,266,15428,,,
2068592,Nikolai Fyodorov,1829,2006607396,N. Krasnikov,868,52353,,diff,
369507,Lon L. Fuller,1902,2671221711,Lon L. Fuller,45,2768,,,
3860328,Marilyn Frye,1940,no info,no info,0,0,no,diff,
45343,Erich Fromm,1900,2251508476,Erich Fromm,319,10725,,,
728927,Friedrich Fröbel,1782,1259832260,Friedrich Fröbel,27,421,,,
179150,Jakob Friedrich Fries,1773,2436079743,Jakob Friedrich Fries,26,105,,,
26743,Sigmund Freud,1856,968460832,Sigmund Freud,786,77676,,,
618870,Paulo Freire,1921,2787125474,Paulo T.C. Freire,282,3371,,diff,
4877498,Hans Frei,1922,2813648225,Frei Hans,5,4,,diff,
48416,Gottlob Frege,1848,1937954579,Gottlob Frege,78,6899,,,
12932084,Michael Frede,1940,327080418,Frede Blaabjerg,2271,79912,,diff,
1311139,Harry Frankfurt,1929,2502815094,Harry G. Frankfurt,46,6071,,diff,
8667351,William Frankena,1908,2141813508,Klaas Frankena,133,2737,,diff,
8685272,Semyon Ludvigovich Frank,1877,265544447,Semyon Tsynkov,120,1750,,diff,
237186,Charles Fourier,1772,1717797021,Charles Fourier,22,12,,,
47643,Michel Foucault,1926,2344910454,Michel Foucault,622,118097,,,
1385364,Philippa Foot,1920,2116476107,Philippa Foot,47,2822,,,
5853244,Dagfinn Føllesdal,1932,58778879,Dagfinn Føllesdal,64,566,,,
427994,Jerry Fodor,1935,2180580011,Jerry A. Fodor,179,33229,,diff,
152476,Robert Fludd,1573,no info,no info,0,0,,,
195994,John Fiske,1842,2892808201,John Fiske,66,170,,,
140824,Ronald Fisher,1890,2131748246,Ronald P. Fisher,111,4394,,diff,
191415,Kuno Fischer,1824,2111602707,Kuno Fischer,37,97,,,
2007218,John Finnis,1940,2241052909,John Finnis,255,3159,,,
12886765,Eugen Fink,1905,1918883106,Eugen Fink,93,808,,,
706877,Robert Filmer,1587,no info,no info,0,0,,,
1535742,Hartry Field,1946,2126043386,Hartry Field,65,3267,,,
12007,Johann Gottlieb Fichte,1762,1961546495,Johann Gottlieb Fichte,313,1511,,,
59658,Paul Feyerabend,1924,661262430,Paul K. Feyerabend,164,5945,,diff,
39658852,Ludwig Feuerbach,1804,1415189844,Ludwig Feuerbach,97,766,,,
38861203,Ann Ferguson,1938,no info,no info,0,0,no,diff,
175401,Adam Ferguson,1723,no info,no info,0,0,,,
684707,Feng Youlan,1895,2149560444,Youlan Zou,30,735,,diff,
34125215,José Pablo Feinmann,1943,2077135284,Charlotte Feinmann,29,639,,diff,
584553,Joel Feinberg,1926,2599463086,Joel Feinberg,51,3014,,,
8084790,Andrew Feenberg,1942,2250991748,Andrew Feenberg,171,3497,,,
203499,Gustav Fechner,1801,1345404747,Gustav Theodor Fechner,46,2346,,diff,
3512705,Austin Farrer,1904,2618444095,Austin Farrer,22,4,,,
19727,Michael Faraday,1791,2099210253,Michael Faraday,184,4132,,,
175040,Abu Nasr Al-Farabi,871,no info,no info,0,0,,,
95185,Frantz Fanon,1925,2414819873,Frantz Fanon,43,14915,,,
22034302,Thomé H. Fang,1899,2162543725,Lionel Thomé,266,3990,,diff,
1369237,Emil Ludwig Fackenheim,1916,no info,no info,0,0,no,diff,
761542,Gareth Evans,1946,2108026611,D. Gareth Evans,583,32150,,diff,
48388,Eudoxus of Cnidus,-391,no info,no info,0,0,,,
228637,Rudolf Christoph Eucken,1845,no info,no info,0,0,no,diff,
1082384,John Scotus Eriugena,814,no info,no info,0,0,,,
10152,Erasmus,1466,no info,no info,0,0,,,
10073,Epicurus,-342,no info,no info,0,0,,,
10407,Epictetus,48,no info,no info,0,0,,,
47096,Friedrich Engels,1820,2048738716,Friedrich Engels,773,14589,,,
9553,Empedocles,-495,no info,no info,0,0,,,
26202,Ralph Waldo Emerson,1803,2117874267,Ralph Waldo Emerson,239,1965,,,
736,Albert Einstein,1879,1782324548,Albert Einstein,596,55730,,,
875526,Christian von Ehrenfels,1859,no info,no info,0,0,no,diff,
2159372,Paul Edwards,1923,2142697151,Paul R. Edwards,197,2850,,diff,
52057,Jonathan Edwards,1703,no info,no info,0,0,,,
2274,Sir Arthur Eddington,1882,2142173351,Arthur Stanley Eddington,143,6522,,diff,
32003,Umberto Eco,1931,2289503391,Umberto Eco,426,12937,,,
20595185,Eckhart von Hochheim,1259,no info,no info,0,0,,,
1245202,John Earman,1941,1260078007,John Earman,161,6510,,,
296728,Ronald Dworkin,1931,2608993936,Ronald Dworkin,304,14015,,,
11847004,Enrique Dussel,1934,1495507275,Enrique Dussel,176,2360,,,
38218,Émile Durkheim,1858,no info,no info,0,0,no,diff,
34293405,John Duns Scotus,1265,no info,no info,0,0,,,
955000,Raya Dunayevskaya,1910,no info,no info,0,0,no,diff,
302888,Michael Dummett,1925,2112162129,Michael Dummett,124,6937,,,
424304,Pierre Duhem,1861,2057281243,Pierre Duhem,110,2388,,,
3279285,Curt John Ducasse,1881,2013743603,Stéphane Ducasse,472,9267,,diff,
306059,Guillaume du Vair,1555,no info,no info,0,0,,,
1002045,Émilie du Châtelet,1706,no info,no info,0,0,,,
250754,Emil du Bois-Reymond,1818,1140180071,Manuela du Bois-Reymond,64,774,,diff,
744559,Hans Adolf Eduard Driesch,1867,103818574,Hans Driesch,38,636,,diff,
2847218,Fred Irwin Dretske,1932,2044651552,Fred Dretske,88,6658,,diff,
75340,Dōgen,1199,no info,no info,0,0,,,
234264,Diogenes,-413,no info,no info,0,0,,,
222779,Diogenes of Apollonia,-501,no info,no info,0,0,,,
80047,Diogenes Laërtius,298,no info,no info,0,0,,,
611323,Wilhelm Dilthey,1833,2298149383,Wilhelm Dilthey,487,2387,,,
1024472,Joseph Dietzgen,1828,no info,no info,0,0,no,diff,
8199,Denis Diderot,1713,no info,no info,0,0,,,
499053,A. V. Dicey,1835,2736337674,Albert Venn Dicey,63,1148,,diff,
16187,John Dewey,1859,2007061579,John Dewey,694,71307,,,
1053532,Paul Deussen,1844,74604451,Oliver Deussen,267,6233,,diff,
196809,Antoine Destutt de Tracy,1754,2170564320,Destutt de Tracy,17,52,,diff,
861060,Vincent Descombes,1942,1173563488,Vincent Descombes,55,610,,,
25525,René Descartes,1595,no info,no info,0,0,,,
53255,Jacques Derrida,1930,2114857138,Jacques Derrida,650,30177,,,
8756,Daniel Dennett,1942,2102769145,Daniel C. Dennett,318,19827,,diff,
8211,Democritus,-461,no info,no info,0,0,,,
11947057,Giorgio Del Vecchio,1878,2116158632,Domitilla Del Vecchio,223,3812,,diff,
9935670,Bernard Delfgaauw,1912,no info,no info,0,0,no,diff,
12557,Gilles Deleuze,1925,2361602699,Gilles Deleuze,290,30597,,,
1739991,Joseph Déjacque,1821,2077580974,Joseph Biederman,1069,97875,,diff,
23475106,Richard Dedekind,1831,1970619913,Richard Dedekind,84,1298,,,
157393,Guy Debord,1931,611838118,Guy Debord,47,3617,,,
18949289,Augustus De Morgan,1806,2300497806,Augustus De Morgan,41,394,,,
310123,Paul de Man,1919,2155303363,H. De Man,223,4076,,diff,
213143,Joseph de Maistre,1753,332313899,Emmanuel de Maistre,56,1292,,diff,
180825,Bruno De Finetti,1906,157913951,Bruno de Finetti,43,4080,,,
62034,Simone de Beauvoir,1907,75165650,Simone de Beauvoir,143,6149,,,
48522,Angela Davis,1944,2425490892,Angela Davis,73,3350,,,
295750,Donald Davidson,1917,2314801451,Donald Davidson,187,18122,,,
9299,Erasmus Robert Darwin,1731,no info,no info,0,0,,,
8145410,Charles Darwin,1809,2347001418,Charles Darwin,641,48962,,,
1053706,Arthur Coleman Danto,1923,2149263838,Arthur C. Danto,145,2929,,diff,
51182,Jean le Rond d'Alembert,1717,no info,no info,0,0,,,
26185,Ralph Cudworth,1616,no info,no info,0,0,,,
1086599,Louis Couturat,1867,no info,no info,0,0,no,diff,
174664,Victor Cousin,1792,2655253294,Victor Cousin,50,113,,,
1079244,Antoine Augustin Cournot,1801,no info,no info,0,0,no,diff,
1537143,Newton Carneiro Affonso da Costa,1929,no info,no info,0,0,no,diff,
2611765,Henry Corbin,1903,2114013452,Henry Corbin,113,582,,,
323592,Nicolaus Copernicus,1472,no info,no info,0,0,,,
1415261,Anne Conway,1631,no info,no info,0,0,,,
5823,Confucius,-552,no info,no info,0,0,,,
174004,Etienne Bonnot de Condillac,1714,no info,no info,0,0,,,
188875,Anthony Collins,1676,no info,no info,0,0,,,
472146,R. G. Collingwood,1889,1485381305,Robin George Collingwood,57,3844,,diff,
163670,John Colet,1466,no info,no info,0,0,,,
729686,Morris Raphael Cohen,1880,2116506110,Morris Cohen,131,8588,,diff,
535669,Hermann Cohen,1842,2123476367,Hermann Cohen,43,546,,,
40980045,G. A. Cohen,1941,2303650304,Leonardo G. Cohen,469,52262,,diff,
250820,William Clifford,1845,2312503872,William Kingdon Clifford,47,593,,diff,
7342,Clement of Alexandria,148,no info,no info,0,0,,,
171297,Cleanthes,-331,no info,no info,0,0,,,
1280889,Johannes Clauberg,1621,no info,no info,0,0,,,
168445,Hélène Cixous,1937,2195713836,Hélène Cixous,156,4125,,,
251240,Emil Cioran,1911,no info,no info,0,0,no,diff,
1019340,August Cieszkowski,1814,no info,no info,0,0,no,diff,
6046,Marcus Tullius Cicero,-107,no info,no info,0,0,,,
5341017,Paul Churchland,1942,1884830185,Paul M. Churchland,102,6361,,diff,
425385,Patricia Churchland,1943,2068978918,Patricia Smith Churchland,116,6651,,diff,
49731,Alonzo Church,1903,2166365297,Alonzo Church,938,7270,,,
37143,Chrysippus of Soli,-280,no info,no info,0,0,,,
7628,Christine de Pizan,1364,no info,no info,0,0,,,
2159251,Zhou Dunyi,1016,no info,no info,0,0,,,
21566,Noam Chomsky,1928,2049461923,Noam Chomsky,694,85578,,,
408329,Roderick Chisholm,1916,2033839124,Roderick M. Chisholm,198,4186,,diff,
15639037,Ch'ien Mu,1895,2124750105,Mu Mu,195,3083,,diff,
38707829,Nikolay Chernyshevsky,1828,no info,no info,0,0,no,diff,
8738289,Cheng Yi,1032,no info,no info,0,0,,,
306075,Pierre Charron,1540,no info,no info,0,0,,,
168700,William Ellery Channing,1780,2430566708,William Ellery Channing,21,51,,,
481604,Chanakya,-376,no info,no info,0,0,,,
598325,Houston Stewart Chamberlain,1855,no info,no info,0,0,no,diff,
829939,Michel de Certeau,1925,72471923,Michel de Certeau,70,12699,,,
685947,Stanley Cavell,1926,733931247,Stanley Cavell,123,4680,,,
5753816,Jean Cavaillès,1903,275491729,Vincent Cavaillès,143,6295,,diff,
40300362,Cornelius Castoriadis,1922,41589254,Cornelius Castoriadis,119,2883,,,
7720444,Hector-Neri Castañeda,1924,2106298186,Hector-Neri Castañeda,130,1694,,,
556846,Ernst Alfred Cassirer,1874,1234409970,Ernst Cassirer,223,5990,,diff,
1677762,Nancy Cartwright,1944,2013523273,Nancy Cartwright,246,9173,,,
397597,Edward Carpenter,1844,2140353000,Edward J. Carpenter,91,6638,,diff,
1079171,Carneades,-214,no info,no info,0,0,,,
57987,Rudolf Carnap,1891,1994766680,Rudolf Carnap,180,13195,,,
128422,Thomas Carlyle,1795,2438476567,Thomas Carlyle,453,1506,,,
13145,Gerolamo Cardano,1501,no info,no info,0,0,,,
43649030,Claudia Card,1940,2033292892,Claudia Card,80,1016,,,
12216,Georg Cantor,1845,2163143211,Georg Cantor,33,1609,,,
764313,Georges Canguilhem,1904,39544509,Georges Canguilhem,58,2761,,,
983,Albert Camus,1913,2149512994,Albert Camus,200,2155,,,
163720,Tommaso Campanella,1568,no info,no info,0,0,,,
15930,John Calvin,1509,no info,no info,0,0,,,
1338245,Thomas Cajetan,1468,no info,no info,0,0,,,
937527,Edward Caird,1835,2092823008,Sally Caird,58,970,,diff,
174292,Pierre Jean Georges Cabanis,1757,2470965796,Emmanuel Alain Cabanis,57,196,,diff,
148809,Judith Butler,1956,2088596896,Judith Butler,285,48221,,,
163552,Joseph Butler,1692,no info,no info,0,0,,,
9653188,Myles Burnyeat,1938,2704769563,Myles Burnyeat,42,1269,,,
172466,Jean Buridan,1300,no info,no info,0,0,,,
3977384,Tyler Burge,1945,2057547094,Tyler Burge,90,4978,,,
312772,Jacob Burckhardt,1818,1968740560,Jacob Burckhardt,125,1139,,,
201112,Mario Bunge,1919,2209330182,Mario Bunge,422,9362,,,
526931,Rudolf Bultmann,1884,2042846854,Rudolf Karl Bultmann,100,1731,,diff,
2848821,Sergei Bulgakov,1871,no info,no info,0,0,no,diff,
360039,Buffon,1707,no info,no info,0,0,,,
306083,Henry Thomas Buckle,1821,no info,no info,0,0,no,diff,
1354854,Ludwig Büchner,1824,1505519028,Ludwig Büchner,23,11,,,
36381933,Justus Buchler,1914,2175187333,Tomas Buchler,181,1086,,diff,
1131214,Léon Brunschvicg,1869,1859568191,Léon Brunschvicg,42,191,,,
12963,Giordano Bruno,1547,no info,no info,0,0,,,
2266055,Emil Brunner,1889,1969388937,Emil Brunner,46,452,,,
228579,Thomas Brown,1777,2112586147,Thomas D. Brown,268,10693,,diff,
172896,L. E. J. Brouwer,1881,2167155610,Andries E. Brouwer,293,7897,,diff,
49395474,Thom Brooks,1973,2084629850,Thom Brooks,190,377,,,
833962,C. D. Broad,1887,389494915,C. D. Broad,44,1709,,,
1586250,Edgar S. Brightman,1884,2617956022,Edgar Sheffield Brightman,60,158,,diff,
396507,Percy Williams Bridgman,1882,2098678781,Percy Williams Bridgman,100,7189,,,
81974,Franz Brentano,1837,2004540382,Franz Clemens Brentano,94,2820,,diff,
7414016,Richard B. Brandt,1910,2159150418,Richard B. Brandt,41,1607,,,
3072250,R. B. Braithwaite,1899,2124753362,R. Scott Braithwaite,135,4538,,diff,
153676,Thomas Bradwardine,1299,no info,no info,0,0,,,
473835,F. H. Bradley,1845,1820408482,Bradley F. Boeve,859,50389,,diff,
50237,Robert Boyle,1626,no info,no info,0,0,,,
1079121,Borden Parker Bowne,1846,no info,no info,0,0,no,diff,
463542,Émile Boutroux,1845,1964981536,Émile Boutroux,34,92,,,
109275,Pierre Bourdieu,1930,205961243,Pierre Bourdieu,743,131844,,,
23747676,"Roger Joseph Boscovich, ",1711,no info,no info,0,0,,,
473457,Bernard Bosanquet,1848,699486954,Bernard Bosanquet,112,557,,,
38298,George Boole,1815,2261240689,George Boole,40,2401,,,
204127,Charles Bonnet,1720,no info,no info,0,0,,,
84199,Dietrich Bonhoeffer,1906,2122600178,Dietrich Bonhoeffer,103,663,,,
629224,Louis de Bonald,1754,99017749,Thomas Bonald,205,4072,,diff,
302185,Bernard Bolzano,1781,311143461,Bernard Bolzano,108,421,,,
544255,Ludwig Boltzmann,1844,1825599707,Ludwig Boltzmann,204,3449,,,
21210,Niels Bohr,1885,2066570792,Niels Bohr,157,10846,,,
186234,David Bohm,1917,2268680487,C. Bohm,957,39512,,diff,
458312,Jakob Böhme,1575,no info,no info,0,0,,,
1810987,Leonardo Boff,1938,475887828,Leonardo Boff,71,784,,,
195684,Anicius Manlius Severinus Boëthius,476,no info,no info,0,0,,,
272095,Jean Bodin,1529,no info,no info,0,0,,,
1406651,Norberto Bobbio,1909,2346294444,Norberto Bobbio,135,2525,,,
3446104,Maurice Blondel,1861,2105960903,Maurice Blondel,71,79,,,
1134592,Ned Block,1941,2172368290,Ned Block,103,8072,,,
571418,Ernst Bloch,1885,2000104237,Ernst Bloch,93,2262,,,
568258,Brand Blanshard,1892,198941238,Brand Blanshard,66,531,,,
257193,Maurice Blanchot,1907,2206734917,Maurice Blanchot,95,2527,,,
225945,Hugh Blair,1718,no info,no info,0,0,,,
441332,Simon Blackburn,1944,2113372304,Simon R. Blackburn,172,1428,,diff,
302879,Max Black,1909,2788164183,Max Black,228,8986,,,
8485775,Ludwig Binswanger,1881,1982597661,Ludwig Binswanger,49,720,,,
70655,Alfred Binet,1857,2104561793,Alfred Binet,615,2909,,,
64597,Ludwig von Bertalanffy,1901,2313581831,Ludwig von Bertalanffy,57,7200,,,
376949,Claude Bernard,1813,2317233143,Claude Bernard,527,10302,,,
157279,Sir Isaiah Berlin,1909,2598248967,Isaiah Berlin,192,4116,,diff,
11958,George Berkeley,1685,no info,no info,0,0,,,
13531,Henri Bergson,1859,1990293601,Henri Bergson,134,5226,,,
3205590,Gustav Bergmann,1906,2723030506,Gustav Bergmann,91,933,,,
313348,Nikolai Berdyaev,1874,2006607396,N. Krasnikov,868,52353,,diff,
188937,Richard Bentley,1661,no info,no info,0,0,,,
46038,Jeremy Bentham,1747,no info,no info,0,0,,,
68228,Gottfried Benn,1886,2120650347,Gottfried Benn,74,106,,,
227111,Walter Benjamin,1892,2101942338,Walter Benjamin,199,13244,,,
179141,Friedrich Eduard Beneke,1798,no info,no info,0,0,no,diff,
41780272,Aaron Ben-Ze'ev,1949,1994701963,Avri Ben-Ze'ev,156,15102,,diff,
2313972,Jakob Sigismund Beck,1761,2128274294,Anne Sigismund Huff,94,6450,,diff,
196198,"Cesare, Marquis Beccaria",1738,no info,no info,0,0,,,
263544,James Beattie,1735,no info,no info,0,0,,,
308126,Pierre Bayle,1647,no info,no info,0,0,,,
295569,Alexander Gottlieb Baumgarten,1714,no info,no info,0,0,,,
73157,Bruno Bauer,1809,2151022556,Bruno S. Bauer,182,556,,diff,
231187,Jean Baudrillard,1929,1970903055,Jean Baudrillard,217,12968,,,
209215,Georges Bataille,1897,2396559217,Georges Bataille,161,2130,,,
1718472,Johann Bernhard Basedow,1724,no info,no info,0,0,,,
1387904,Bartolus de Saxoferrato,1312,no info,no info,0,0,,,
174415,Roland Barthes,1915,1972024814,Roland Barthes,263,17335,,,
229201,Karl Barth,1886,2570407836,Karl Barth,255,1302,,,
628931,Abraham bar Ḥiyya ha-Nasi,1069,no info,no info,0,0,,,
40979611,Étienne Balibar,1942,no info,no info,0,0,no,diff,
148166,John Balguy,1686,no info,no info,0,0,,,
58198,Mikhail Bakunin,1814,2972306687,Mikhail Aleksandrovich Bakunin,24,0,,diff,
578014,Mikhail Bakhtin,1894,no info,no info,0,0,no,diff,
22118570,Lynne Rudder Baker,1944,2096943007,Lynne Rudder Baker,103,1645,,,
143110,Alexander Bain,1818,2476891469,Alexander Bain,49,959,,,
2108331,Kurt Baier,1917,2100511142,Kurt Baier,73,3600,,,
2015918,Annette Baier,1929,1502911958,Annette C. Baier,62,2535,,diff,
1253591,Abu'l-Barakāt Hibat Allah ibn Malkā al-Baghdādī,1079,no info,no info,0,0,,,
713688,Alain Badiou,1937,2055169358,Alain Badiou,283,3769,,,
25879,Roger Bacon,1218,no info,no info,0,0,,,
568017,J. J. Bachofen,1815,1528982398,Reinhard Bachofen,175,3719,,diff,
548540,Gaston Bachelard,1884,2461160613,Gaston Bachelard,78,5556,,,
5698,Charles Babbage,1791,2133010474,Charles Babbage,129,1396,,,
2018,A. J. Ayer,1910,2002119553,William A. Ayer,211,2914,,diff,
1130,Avicenna,979,no info,no info,0,0,,,
47836,Averroes,1125,no info,no info,0,0,,,
1077984,Richard Avenarius,1843,no info,no info,0,0,no,diff,
238143,J. L. Austin,1911,2753259168,Austin L. Gurney,573,23328,,diff,
931127,John Austin,1790,2143595340,Austin John Barrett,157,5588,,diff,
23475401,Sri Aurobindo,1872,no info,no info,0,0,no,diff,
20155,Notable work,120,no info,no info,0,0,,,
2030,Augustine of Hippo,352,no info,no info,0,0,,,
297137,Pandurang Shastri Athavale,1920,2004627007,Nilabh Shastri,131,9250,,diff,
3225,Patriarch,294,no info,no info,0,0,,,
49894,Kenneth Arrow,1921,290705619,Kenneth J. Arrow,500,76860,,diff,
2108195,David Malet Armstrong,1926,2144642120,David Armstrong,1636,59883,,diff,
388129,Jacobus Arminius,1560,no info,no info,0,0,,,
1162119,Mohammed Arkoun,1928,1479177259,Mohammed Arkoun,109,290,,,
296534,Arius,254,no info,no info,0,0,,,
308,Aristotle,-385,no info,no info,0,0,,,
252342,Aristippus,-436,no info,no info,0,0,,,
95184,Hannah Arendt,1906,1454822660,Hannah Arendt,308,24575,,,
243369,Archytas,-411,no info,no info,0,0,,,
171276,Arcesilaus,-6,no info,no info,0,0,,,
21490957,Thomas Aquinas,1224,no info,no info,0,0,,,
1826163,Karl-Otto Apel,1922,2603101675,Karl-Otto Apel,49,1593,,,
98367,Antisthenes,-447,no info,no info,0,0,,,
593083,G. E. M. Anscombe,1919,2111270416,G. E. M. Anscombe,99,4075,,,
23742928,John Anderson,1893,2148669659,John R. Anderson,608,69045,,diff,
3793208,Alan Ross Anderson,1925,2120643228,Ross Anderson,353,22609,,diff,
1748,Anaximenes of Miletus,-587,no info,no info,0,0,,,
1168,Anaximander,-611,no info,no info,0,0,,,
32899,William Alston,1921,2313767432,William P. Alston,126,3484,,diff,
948915,Samuel Alexander,1858,2097171956,Samuel Alexander,56,307,,,
2881,Alexander of Hales,1184,no info,no info,0,0,,,
1573,Albertus Magnus,1199,no info,no info,0,0,,,
853697,Albert of Saxony,1319,no info,no info,0,0,,,
1373258,Hans Albert,1921,2101506283,Hans Albert Richard,201,3100,,diff,
900467,Kazimierz Ajdukiewicz,1890,1436832186,Kazimierz Ajdukiewicz,11,57,,,
198827,Heinrich Cornelius Agrippa,1486,no info,no info,0,0,,,
2139145,Agrippa,98,no info,no info,0,0,,,
946750,Sayyid Jamāl al-Dīn al-Afghānī,1253,no info,no info,0,0,,,
177521,Aenesidemus,-101,no info,no info,0,0,,,
30391,Theodor W. Adorno,1903,628334325,Theodor W. Adorno,437,22910,,,
81590,Alfred Adler,1870,2484888326,Alfred Adler,230,3517,,,
85563,Adelard of Bath,1079,no info,no info,0,0,,,
163645,Joseph Addison,1672,no info,no info,0,0,,,
2033502,Robert Merrihew Adams,1937,no info,no info,0,0,no,diff,
2015815,Marilyn McCord Adams,1943,2337839362,Marilyn McCord Adams,110,779,,,
1034793,Isaac Abarbanel,1436,no info,no info,0,0,,,
1241813,Abhinavagupta,949,no info,no info,0,0,,,
31152315,Miguel Abensour,1939,1919856034,Miguel Abensour,39,137,,,
37464286,Peter Abelard,1078,no info,no info,0,0,,,
1149684,Muhammad Abduh,1848,1963790708,Muhammad Yusuf Abduh,27,96,,,
157495,Nicola Abbagnano,1901,no info,no info,0,0,,,
